{"type":"FeatureCollection","metadata":{"dataset":"Smart Indexes Transport Accessibility Demo","sample_size":100,"center":[55.2645,25.1865]},"features":[{"type":"Feature","geometry":{"type":"Polygon","coordinates":[[[55.265123288,25.187044595],[55.265073131,25.187081354],[55.265117728,25.187128666],[55.264648369,25.187482499],[55.264508088,25.187327104],[55.264709767,25.187176247],[55.26461867,25.187080746],[55.264937032,25.186841489],[55.265123288,25.187044595]]]},"properties":{"transport_accessibility_score":43.4,"transport_accessibility_score_level":"medium","transport_accessibility_score_fill_color":"#78c679","traffic_accident_rate":59.87,"traffic_accident_rate_level":"medium","traffic_accident_rate_fill_color":"#fd8d3c","building_id":"DEMO_001"}},{"type":"Feature","geometry":{"type":"Polygon","coordinates":[[[55.263235923,25.185908894],[55.263233168,25.185904515],[55.263240134,25.185900889],[55.263237358,25.185897719],[55.263270031,25.185874715],[55.263271875,25.185877596],[55.263279706,25.185871244],[55.263219786,25.185763755],[55.263512239,25.185612768],[55.263757912,25.185485934],[55.263820942,25.185444357],[55.264073889,25.185716458],[55.264087092,25.185648362],[55.264049072,25.185584404],[55.264109586,25.185553677],[55.264107812,25.185550489],[55.264204014,25.185498709],[55.264210129,25.185509301],[55.264216203,25.18550618],[55.264327836,25.185692194],[55.264322527,25.185694186],[55.264324872,25.185705408],[55.26432888,25.185705916],[55.264288658,25.185921756],[55.264284403,25.185921014],[55.264278702,25.185932133],[55.26428242,25.185935385],[55.264103817,25.186071784],[55.264099128,25.186066474],[55.264090245,25.186072987],[55.26408848,25.186070964],[55.264059192,25.186091361],[55.264078873,25.186112855],[55.264064749,25.186123564],[55.26404722,25.186104418],[55.264040987,25.18610957],[55.264059479,25.186128626],[55.264044988,25.186140273],[55.264025316,25.186120007],[55.264000831,25.186138222],[55.264020175,25.186158497],[55.2640035,25.186171669],[55.263984027,25.186151258],[55.26395596,25.186171782],[55.263971079,25.186189401],[55.26395637,25.186199857],[55.263943422,25.186184784],[55.263917677,25.186203468],[55.263930635,25.186218287],[55.263917018,25.186228148],[55.263903832,25.186213048],[55.263894353,25.186220428],[55.263875911,25.186201534],[55.263845102,25.186227979],[55.263863702,25.18623038],[55.263861369,25.186232518],[55.263901676,25.186236373],[55.263774008,25.186334422],[55.26343822,25.186291592],[55.263438302,25.186286166],[55.263418581,25.186282781],[55.26320083,25.185932177],[55.263235923,25.185908894]]]},"properties":{"transport_accessibility_score":40.1,"transport_accessibility_score_level":"medium","transport_accessibility_score_fill_color":"#78c679","traffic_accident_rate":56.06,"traffic_accident_rate_level":"medium","traffic_accident_rate_fill_color":"#fd8d3c","building_id":"DEMO_002"}},{"type":"Feature","geometry":{"type":"Polygon","coordinates":[[[55.264894479,25.185225715],[55.264796121,25.185272212],[55.264792664,25.185274026],[55.264802026,25.185289823],[55.264604844,25.185383441],[55.264500591,25.185201175],[55.264582846,25.185161773],[55.264590484,25.185158114],[55.264466069,25.184919588],[55.265072673,25.184458895],[55.265264173,25.18466678],[55.265254441,25.184754093],[55.265250408,25.184841853],[55.265252092,25.184929691],[55.265259484,25.185017232],[55.265272555,25.185104108],[55.265291248,25.18518995],[55.265315484,25.185274394],[55.265345161,25.185357083],[55.265232251,25.185428686],[55.26512201,25.18541908],[55.265116338,25.185421813],[55.265117725,25.185436653],[55.26506967,25.185472675],[55.265051451,25.185486332],[55.26503529,25.185498447],[55.264947801,25.18556403],[55.264928065,25.185549386],[55.264894479,25.185225715]]]},"properties":{"transport_accessibility_score":35,"transport_accessibility_score_level":"low","transport_accessibility_score_fill_color":"#c2e699","traffic_accident_rate":54.73,"traffic_accident_rate_level":"medium","traffic_accident_rate_fill_color":"#fd8d3c","building_id":"DEMO_003"}},{"type":"Feature","geometry":{"type":"Polygon","coordinates":[[[55.266409943,25.186377165],[55.266414218,25.18636015],[55.266421764,25.186360154],[55.266425053,25.186347316],[55.266414883,25.186344028],[55.266422441,25.186324326],[55.266460853,25.186335637],[55.266448985,25.186384946],[55.266409943,25.186377165]]]},"properties":{"transport_accessibility_score":38,"transport_accessibility_score_level":"low","transport_accessibility_score_fill_color":"#c2e699","traffic_accident_rate":61.71,"traffic_accident_rate_level":"high","traffic_accident_rate_fill_color":"#f03b20","building_id":"DEMO_004"}},{"type":"Feature","geometry":{"type":"Polygon","coordinates":[[[55.265069929,25.184457294],[55.264451006,25.184929322],[55.264448003,25.184924211],[55.264434394,25.184901059],[55.264428962,25.184893564],[55.264397627,25.18485039],[55.264367332,25.184808634],[55.26435991,25.184811194],[55.26434726,25.184814221],[55.264334322,25.184816021],[55.264321256,25.184816592],[55.2643082,25.184815909],[55.264295285,25.184813989],[55.264282667,25.184810842],[55.264270477,25.184806521],[55.264258853,25.184801063],[55.264247914,25.184794532],[55.264237789,25.184786989],[55.264228588,25.184778526],[55.264220408,25.184769234],[55.26421335,25.184759219],[55.264207473,25.184748582],[55.264202846,25.18473744],[55.26419953,25.184725929],[55.264197562,25.184714157],[55.264196954,25.184702267],[55.264197704,25.184690388],[55.264199834,25.184678635],[55.264203283,25.184667154],[55.264208051,25.184656071],[55.264214059,25.184645494],[55.264221247,25.184635549],[55.264229536,25.184626345],[55.264140028,25.184527356],[55.264146251,25.184522556],[55.264275842,25.184422649],[55.264493657,25.184254726],[55.264718895,25.184081083],[55.264725221,25.184087866],[55.265069929,25.184457294]]]},"properties":{"transport_accessibility_score":33.9,"transport_accessibility_score_level":"low","transport_accessibility_score_fill_color":"#c2e699","traffic_accident_rate":53.08,"traffic_accident_rate_level":"medium","traffic_accident_rate_fill_color":"#fd8d3c","building_id":"DEMO_005"}},{"type":"Feature","geometry":{"type":"Polygon","coordinates":[[[55.264271633,25.188228932],[55.2634953,25.188822768],[55.26330878,25.188620858],[55.263261366,25.188570148],[55.263264284,25.188567892],[55.263124204,25.188419553],[55.263234741,25.188339706],[55.263229179,25.188333727],[55.263365316,25.188228859],[55.263512251,25.188116882],[55.263648724,25.188012329],[55.263693734,25.187981333],[55.263743732,25.187987522],[55.263794199,25.18804272],[55.263816611,25.188025507],[55.26385753,25.188069615],[55.263877756,25.188102624],[55.263973171,25.188031728],[55.264061027,25.188127341],[55.264122841,25.188081791],[55.26417419,25.188139246],[55.264167986,25.188144732],[55.264177683,25.188155362],[55.264193642,25.188143471],[55.264271633,25.188228932]]]},"properties":{"transport_accessibility_score":49.2,"transport_accessibility_score_level":"medium","transport_accessibility_score_fill_color":"#78c679","traffic_accident_rate":59.17,"traffic_accident_rate_level":"medium","traffic_accident_rate_fill_color":"#fd8d3c","building_id":"DEMO_006"}},{"type":"Feature","geometry":{"type":"Polygon","coordinates":[[[55.266234691,25.185225215],[55.265948592,25.185444011],[55.265904421,25.185373089],[55.265866203,25.18529879],[55.265834193,25.185221612],[55.265808608,25.185142073],[55.265789618,25.185060708],[55.26577735,25.184978061],[55.265771888,25.184894687],[55.265862238,25.184825099],[55.266234691,25.185225215]]]},"properties":{"transport_accessibility_score":33.6,"transport_accessibility_score_level":"low","transport_accessibility_score_fill_color":"#c2e699","traffic_accident_rate":56.32,"traffic_accident_rate_level":"medium","traffic_accident_rate_fill_color":"#fd8d3c","building_id":"DEMO_007"}},{"type":"Feature","geometry":{"type":"Polygon","coordinates":[[[55.263773092,25.184155884],[55.263921035,25.184041696],[55.264139573,25.183875173],[55.26436864,25.183701397],[55.264712857,25.184075583],[55.264487619,25.184249226],[55.264269804,25.184417149],[55.264140212,25.184517056],[55.264133989,25.184521855],[55.264132006,25.184519679],[55.264035527,25.184413789],[55.263980126,25.18445593],[55.263946798,25.184481281],[55.263933571,25.184467029],[55.263898097,25.184428764],[55.263870474,25.184398979],[55.263903982,25.184372627],[55.263828026,25.184289973],[55.263862257,25.184263928],[55.263854266,25.184255439],[55.263770467,25.184166481],[55.263766253,25.184162001],[55.263765033,25.18416071],[55.263773092,25.184155884]]]},"properties":{"transport_accessibility_score":33.1,"transport_accessibility_score_level":"low","transport_accessibility_score_fill_color":"#c2e699","traffic_accident_rate":51.87,"traffic_accident_rate_level":"medium","traffic_accident_rate_fill_color":"#fd8d3c","building_id":"DEMO_008"}},{"type":"Feature","geometry":{"type":"Polygon","coordinates":[[[55.267090443,25.187620593],[55.266569791,25.187371959],[55.266809688,25.186445343],[55.26728218,25.186430268],[55.267321935,25.186697794],[55.267090443,25.187620593]]]},"properties":{"transport_accessibility_score":39.6,"transport_accessibility_score_level":"low","transport_accessibility_score_fill_color":"#c2e699","traffic_accident_rate":63.3,"traffic_accident_rate_level":"high","traffic_accident_rate_fill_color":"#f03b20","building_id":"DEMO_009"}},{"type":"Feature","geometry":{"type":"Polygon","coordinates":[[[55.261770392,25.186320205],[55.261782077,25.186339628],[55.261757228,25.186352011],[55.261755214,25.186353021],[55.261743518,25.186333598],[55.261745612,25.186332551],[55.261770392,25.186320205]]]},"properties":{"transport_accessibility_score":46.1,"transport_accessibility_score_level":"medium","transport_accessibility_score_fill_color":"#78c679","traffic_accident_rate":52.7,"traffic_accident_rate_level":"medium","traffic_accident_rate_fill_color":"#fd8d3c","building_id":"DEMO_010"}},{"type":"Feature","geometry":{"type":"Polygon","coordinates":[[[55.262068944,25.185569884],[55.261971889,25.185457102],[55.261914989,25.185480456],[55.261856637,25.185499902],[55.261797102,25.185515351],[55.261736657,25.185526731],[55.261737742,25.185468453],[55.261570782,25.185497034],[55.261573959,25.185450222],[55.261546675,25.185425368],[55.261690567,25.185343275],[55.261632838,25.185310285],[55.261675159,25.185281312],[55.261720313,25.185256989],[55.261767791,25.185237591],[55.261817058,25.185223335],[55.261867559,25.185214383],[55.26187078,25.185092573],[55.262018842,25.185061117],[55.262042406,25.18516431],[55.262160542,25.185137138],[55.262147907,25.185198754],[55.262229787,25.185226022],[55.262191956,25.185281894],[55.262234458,25.185317742],[55.262141513,25.185360689],[55.262198139,25.185483961],[55.262068944,25.185569884]]]},"properties":{"transport_accessibility_score":41.6,"transport_accessibility_score_level":"medium","transport_accessibility_score_fill_color":"#78c679","traffic_accident_rate":51.17,"traffic_accident_rate_level":"medium","traffic_accident_rate_fill_color":"#fd8d3c","building_id":"DEMO_011"}},{"type":"Feature","geometry":{"type":"Polygon","coordinates":[[[55.264197042,25.189485893],[55.264076235,25.189476203],[55.264077938,25.189458625],[55.264035018,25.189455183],[55.264038774,25.189416407],[55.264026693,25.189415439],[55.264029766,25.18938371],[55.264012319,25.189382311],[55.264016293,25.189341293],[55.263993253,25.189339445],[55.26400047,25.189264944],[55.264019668,25.189266484],[55.264023674,25.189225135],[55.264044963,25.189226842],[55.264047732,25.189198255],[55.264058343,25.189199106],[55.264060469,25.189177159],[55.264002346,25.189172497],[55.26394973,25.189168277],[55.263949787,25.189167683],[55.263916039,25.189164988],[55.263923203,25.189090723],[55.263924619,25.189090836],[55.263956982,25.189093421],[55.263957612,25.189086907],[55.264065135,25.189095562],[55.264066387,25.189082644],[55.26406481,25.189082518],[55.2640662,25.189069445],[55.264067514,25.189057068],[55.264067929,25.18905316],[55.264119749,25.189057718],[55.264119509,25.189059975],[55.2641185,25.189069469],[55.264117759,25.189076445],[55.264231821,25.189085593],[55.264233833,25.189069666],[55.264233851,25.189069523],[55.264234457,25.189064727],[55.264235511,25.189064838],[55.264280525,25.189069545],[55.264287674,25.189070293],[55.264287117,25.189074706],[55.264284152,25.189098185],[55.264282142,25.189098024],[55.264280882,25.189111025],[55.264387839,25.189119603],[55.264386743,25.18913091],[55.264419098,25.189134169],[55.264420995,25.189134361],[55.264412626,25.189203131],[55.264380064,25.189199851],[55.264379391,25.189206805],[55.26426772,25.189197848],[55.264266186,25.189213677],[55.264278179,25.189214639],[55.264275219,25.189245194],[55.264296023,25.189246862],[55.264291948,25.189288925],[55.264326792,25.189291566],[55.264320245,25.189363068],[55.264292895,25.189360994],[55.264285024,25.189360397],[55.264280666,25.189405387],[55.264259862,25.189403718],[55.264256791,25.189435416],[55.264246245,25.189434571],[55.264242504,25.189473193],[55.264198613,25.189469673],[55.264197042,25.189485893]]]},"properties":{"transport_accessibility_score":51.2,"transport_accessibility_score_level":"medium","transport_accessibility_score_fill_color":"#78c679","traffic_accident_rate":58.54,"traffic_accident_rate_level":"medium","traffic_accident_rate_fill_color":"#fd8d3c","building_id":"DEMO_012"}},{"type":"Feature","geometry":{"type":"Polygon","coordinates":[[[55.262148941,25.187929612],[55.261998826,25.188048501],[55.261980791,25.188062602],[55.26198904,25.188071335],[55.261948792,25.188102821],[55.261940543,25.188094078],[55.261768096,25.188228943],[55.261626616,25.188069463],[55.261614607,25.188078285],[55.261580243,25.188039542],[55.261592253,25.188030719],[55.261577916,25.188014571],[55.261396445,25.187821842],[55.261398221,25.18782048],[55.261319715,25.187738257],[55.261775513,25.187387617],[55.261821468,25.187351178],[55.261822897,25.187350041],[55.262000411,25.18754071],[55.262091596,25.187642536],[55.262273552,25.187839273],[55.262271507,25.187840707],[55.262222348,25.187875041],[55.262148941,25.187929612]]]},"properties":{"transport_accessibility_score":51.4,"transport_accessibility_score_level":"medium","transport_accessibility_score_fill_color":"#78c679","traffic_accident_rate":49.08,"traffic_accident_rate_level":"medium","traffic_accident_rate_fill_color":"#fd8d3c","building_id":"DEMO_013"}},{"type":"Feature","geometry":{"type":"Polygon","coordinates":[[[55.26742711,25.187049699],[55.267453442,25.186898044],[55.267372304,25.186462112],[55.267426152,25.186391677],[55.26782913,25.186289152],[55.268033753,25.186514952],[55.268000925,25.186547182],[55.267841803,25.187135868],[55.26742711,25.187049699]]]},"properties":{"transport_accessibility_score":37.1,"transport_accessibility_score_level":"low","transport_accessibility_score_fill_color":"#c2e699","traffic_accident_rate":63.37,"traffic_accident_rate_level":"high","traffic_accident_rate_fill_color":"#f03b20","building_id":"DEMO_014"}},{"type":"Feature","geometry":{"type":"Polygon","coordinates":[[[55.267187001,25.187663818],[55.26733854,25.1870276],[55.26785349,25.187139608],[55.267654658,25.187863225],[55.267456236,25.187820144],[55.267470438,25.18776856],[55.267187001,25.187663818]]]},"properties":{"transport_accessibility_score":40,"transport_accessibility_score_level":"medium","transport_accessibility_score_fill_color":"#78c679","traffic_accident_rate":64.44,"traffic_accident_rate_level":"high","traffic_accident_rate_fill_color":"#f03b20","building_id":"DEMO_015"}},{"type":"Feature","geometry":{"type":"Polygon","coordinates":[[[55.267274486,25.189073884],[55.266382194,25.188714259],[55.266369573,25.188752468],[55.266237309,25.188691264],[55.266411973,25.188018752],[55.266609399,25.188126261],[55.266809427,25.188228847],[55.267011934,25.188326447],[55.267216797,25.188419001],[55.26742389,25.188506452],[55.267274486,25.189073884]]]},"properties":{"transport_accessibility_score":44.6,"transport_accessibility_score_level":"medium","transport_accessibility_score_fill_color":"#78c679","traffic_accident_rate":64.51,"traffic_accident_rate_level":"high","traffic_accident_rate_fill_color":"#f03b20","building_id":"DEMO_016"}},{"type":"Feature","geometry":{"type":"Polygon","coordinates":[[[55.267274486,25.189073884],[55.266382194,25.188714259],[55.266369573,25.188752468],[55.266237309,25.188691264],[55.266411973,25.188018752],[55.266609399,25.188126261],[55.266809427,25.188228847],[55.267011934,25.188326447],[55.267216797,25.188419001],[55.26742389,25.188506452],[55.267274486,25.189073884]]]},"properties":{"transport_accessibility_score":44.6,"transport_accessibility_score_level":"medium","transport_accessibility_score_fill_color":"#78c679","traffic_accident_rate":64.25,"traffic_accident_rate_level":"high","traffic_accident_rate_fill_color":"#f03b20","building_id":"DEMO_017"}},{"type":"Feature","geometry":{"type":"Polygon","coordinates":[[[55.262847676,25.189311446],[55.262794099,25.189256147],[55.262865385,25.189113255],[55.262724768,25.188971791],[55.262560525,25.189014705],[55.262508731,25.188961612],[55.263139532,25.188467501],[55.263472693,25.188830228],[55.262847676,25.189311446]]]},"properties":{"transport_accessibility_score":51.6,"transport_accessibility_score_level":"medium","transport_accessibility_score_fill_color":"#78c679","traffic_accident_rate":56.76,"traffic_accident_rate_level":"medium","traffic_accident_rate_fill_color":"#fd8d3c","building_id":"DEMO_018"}},{"type":"Feature","geometry":{"type":"Polygon","coordinates":[[[55.265467252,25.189731442],[55.265452885,25.189715541],[55.265448,25.189719195],[55.265408275,25.189675231],[55.265363755,25.189625958],[55.265368093,25.189622713],[55.265320998,25.189570591],[55.265293106,25.189591455],[55.265311261,25.189611547],[55.265313253,25.189610056],[55.265325765,25.189623929],[55.26533269,25.189621082],[55.265360829,25.189651183],[55.265356979,25.189654278],[55.265320329,25.189683736],[55.265303141,25.189682735],[55.265267304,25.18964443],[55.265242899,25.189662686],[55.265190878,25.189605111],[55.26517073,25.189582812],[55.265139265,25.189606352],[55.265102424,25.189565579],[55.265132743,25.189542899],[55.26513389,25.18954204],[55.265161405,25.189521457],[55.265143966,25.189502156],[55.265137536,25.189506967],[55.265121968,25.189489737],[55.265100122,25.189465558],[55.26508663,25.189450627],[55.265078317,25.189456846],[55.265062365,25.189439191],[55.265033506,25.18946078],[55.265030204,25.18946325],[55.265026622,25.189459287],[55.264998507,25.189480318],[55.264958984,25.189436575],[55.264991551,25.189412212],[55.26497457,25.189393419],[55.264950829,25.189367143],[55.264948787,25.189368671],[55.264899174,25.189313762],[55.264886595,25.189323171],[55.26485907,25.189292708],[55.264858022,25.189291548],[55.264858961,25.189290847],[55.264849649,25.18928054],[55.264842397,25.189285965],[55.264813118,25.18925356],[55.264849101,25.189226643],[55.264826546,25.18920168],[55.264825295,25.189200295],[55.26479643,25.189221069],[55.264780435,25.189202668],[55.264769806,25.18919044],[55.264820617,25.189153873],[55.264828509,25.189162953],[55.264855995,25.189142391],[55.264872695,25.189160873],[55.26490015,25.189140335],[55.264946814,25.189105428],[55.264948628,25.189107436],[55.264970805,25.18913198],[55.264997288,25.18911217],[55.265010491,25.189102292],[55.265039818,25.189134751],[55.265028189,25.189143449],[55.265038286,25.189154623],[55.265039256,25.189153897],[55.26504316,25.189158219],[55.265053172,25.18915073],[55.26506909,25.189168348],[55.26505908,25.189175836],[55.265065539,25.189182985],[55.265072034,25.189178126],[55.2651204,25.189231655],[55.265113904,25.189236514],[55.26514123,25.189266756],[55.265153844,25.189257319],[55.265192313,25.189299896],[55.265181914,25.189307674],[55.265155265,25.189327611],[55.265178704,25.189353552],[55.265180546,25.189355591],[55.265157481,25.189372845],[55.265167925,25.189384405],[55.265169365,25.189385998],[55.26518539,25.189403733],[55.265196895,25.189395126],[55.265214971,25.189415132],[55.265203466,25.189423739],[55.26521988,25.189441905],[55.265221747,25.189443972],[55.265230021,25.189453129],[55.26526899,25.189423978],[55.26527203,25.189427343],[55.265293195,25.189450769],[55.265317896,25.189432291],[55.265330338,25.189422984],[55.265359718,25.189455501],[55.265348564,25.189463844],[55.26535827,25.189474585],[55.265371902,25.189464465],[55.265470466,25.189573549],[55.265458337,25.189582622],[55.265464212,25.189589124],[55.265467396,25.189592649],[55.265471222,25.189596882],[55.265484061,25.189587277],[55.265513458,25.189619812],[55.265500919,25.189629192],[55.265474523,25.189648938],[55.265499443,25.189676517],[55.265501705,25.189679021],[55.265492895,25.189685611],[55.265507262,25.189701512],[55.265467252,25.189731442]]]},"properties":{"transport_accessibility_score":49.9,"transport_accessibility_score_level":"medium","transport_accessibility_score_fill_color":"#78c679","traffic_accident_rate":60.51,"traffic_accident_rate_level":"high","traffic_accident_rate_fill_color":"#f03b20","building_id":"DEMO_019"}},{"type":"Feature","geometry":{"type":"Polygon","coordinates":[[[55.260989019,25.187334407],[55.26101663,25.187315129],[55.260940115,25.187238676],[55.260932572,25.187243908],[55.260926673,25.187238082],[55.260919636,25.187226524],[55.260897664,25.187204505],[55.260895631,25.187202464],[55.260908485,25.187192757],[55.260911221,25.187195737],[55.26095125,25.18716519],[55.26099128,25.187134644],[55.261030842,25.187104458],[55.261069661,25.18707484],[55.261109035,25.18704479],[55.261168895,25.186999114],[55.261209678,25.18696799],[55.261248695,25.186938219],[55.261288149,25.186908114],[55.261328247,25.186877513],[55.261366093,25.186848627],[55.26136531,25.186847687],[55.261427621,25.186800623],[55.261428236,25.186801174],[55.261467918,25.18676994],[55.261550177,25.186863205],[55.261582449,25.186898201],[55.261774923,25.187106417],[55.261806798,25.187142091],[55.261893362,25.187238453],[55.261787817,25.187315323],[55.261772711,25.18732632],[55.261736501,25.187358304],[55.261733159,25.187355188],[55.261720219,25.187343076],[55.261721619,25.187341913],[55.261702949,25.187322468],[55.261762104,25.187277405],[55.261760994,25.187276204],[55.261720697,25.187306796],[55.261679457,25.187338101],[55.261639706,25.187368278],[55.261613106,25.187388477],[55.261565821,25.187424373],[55.261524472,25.187455759],[55.261484234,25.187486315],[55.261424592,25.187531593],[55.261387243,25.187559939],[55.261345874,25.187591352],[55.261307036,25.187620834],[55.261302901,25.187616327],[55.261282457,25.187594029],[55.261272939,25.187583643],[55.261313078,25.187552997],[55.261353832,25.187521891],[55.261391241,25.187493329],[55.261452024,25.187446913],[55.261470029,25.187433173],[55.261448554,25.187410044],[55.261211692,25.187575091],[55.261206477,25.187569447],[55.261177574,25.187591604],[55.261167788,25.187581389],[55.261157217,25.187589761],[55.26095068,25.187374099],[55.260961241,25.187365718],[55.260955709,25.187359946],[55.260989019,25.187334407],[55.260989019,25.187334407],[55.261204167,25.187566954],[55.261364602,25.187444343],[55.261319203,25.18739515],[55.261158431,25.187517363],[55.261033069,25.187381984],[55.260989019,25.187334407]]]},"properties":{"transport_accessibility_score":50.3,"transport_accessibility_score_level":"medium","transport_accessibility_score_fill_color":"#78c679","traffic_accident_rate":47.17,"traffic_accident_rate_level":"medium","traffic_accident_rate_fill_color":"#fd8d3c","building_id":"DEMO_020"}},{"type":"Feature","geometry":{"type":"Polygon","coordinates":[[[55.262087348,25.184914779],[55.262098754,25.184949778],[55.261684345,25.185061592],[55.261692685,25.185084522],[55.261603159,25.185111484],[55.261301979,25.184308968],[55.261497412,25.184250341],[55.261694855,25.184197564],[55.26193671,25.184337594],[55.261999555,25.184547409],[55.26206881,25.184755539],[55.262123219,25.184903976],[55.262087348,25.184914779]]]},"properties":{"transport_accessibility_score":39.1,"transport_accessibility_score_level":"low","transport_accessibility_score_fill_color":"#c2e699","traffic_accident_rate":45.71,"traffic_accident_rate_level":"medium","traffic_accident_rate_fill_color":"#fd8d3c","building_id":"DEMO_021"}},{"type":"Feature","geometry":{"type":"Polygon","coordinates":[[[55.260895188,25.187184155],[55.260783431,25.187073752],[55.260740902,25.187083764],[55.260736195,25.187052234],[55.26066689,25.187065097],[55.260671645,25.187012076],[55.260613403,25.186960457],[55.260569299,25.186970466],[55.260592984,25.186867296],[55.260460766,25.186736821],[55.260993333,25.18634012],[55.261404123,25.186800338],[55.260895188,25.187184155]]]},"properties":{"transport_accessibility_score":49.5,"transport_accessibility_score_level":"medium","transport_accessibility_score_fill_color":"#78c679","traffic_accident_rate":44.76,"traffic_accident_rate_level":"medium","traffic_accident_rate_fill_color":"#fd8d3c","building_id":"DEMO_022"}},{"type":"Feature","geometry":{"type":"Polygon","coordinates":[[[55.260457623,25.186724399],[55.260369483,25.18662834],[55.260293861,25.186669862],[55.260287579,25.186639764],[55.26025765,25.186648347],[55.260246649,25.186609648],[55.260208836,25.186631126],[55.26005303,25.186441883],[55.260138113,25.186381735],[55.260035806,25.186274204],[55.260566802,25.185870338],[55.260983888,25.186331994],[55.260457623,25.186724399]]]},"properties":{"transport_accessibility_score":48.4,"transport_accessibility_score_level":"medium","transport_accessibility_score_fill_color":"#78c679","traffic_accident_rate":43.75,"traffic_accident_rate_level":"medium","traffic_accident_rate_fill_color":"#fd8d3c","building_id":"DEMO_023"}},{"type":"Feature","geometry":{"type":"Polygon","coordinates":[[[55.260384047,25.185504119],[55.259972729,25.185062528],[55.260049393,25.185031994],[55.259985639,25.184923391],[55.260407821,25.18475354],[55.260709626,25.185348552],[55.260700159,25.185378164],[55.260384047,25.185504119]]]},"properties":{"transport_accessibility_score":43.6,"transport_accessibility_score_level":"medium","transport_accessibility_score_fill_color":"#78c679","traffic_accident_rate":41.97,"traffic_accident_rate_level":"medium","traffic_accident_rate_fill_color":"#fd8d3c","building_id":"DEMO_024"}},{"type":"Feature","geometry":{"type":"Polygon","coordinates":[[[55.265855386,25.19061055],[55.265854621,25.190617578],[55.265765053,25.190609509],[55.265766043,25.190600405],[55.265768049,25.190581975],[55.265721564,25.190577668],[55.26572006,25.190597136],[55.26571888,25.19061241],[55.2656647,25.190608945],[55.265664739,25.190608445],[55.26566591,25.190593287],[55.265667503,25.190572659],[55.26562232,25.190568473],[55.265620759,25.190590078],[55.265620503,25.190593608],[55.265532664,25.190588352],[55.265534621,25.190561256],[55.265525722,25.190560429],[55.265528618,25.190534564],[55.265507187,25.190532579],[55.265515356,25.190459591],[55.265511483,25.190459233],[55.265525151,25.190337094],[55.265545611,25.19033899],[55.265548672,25.190311637],[55.265560153,25.190312701],[55.265562395,25.190287563],[55.265563478,25.190287643],[55.265650254,25.190294049],[55.265650172,25.190294961],[55.265648364,25.190315243],[55.265687736,25.190318891],[55.265696609,25.190319714],[55.265748764,25.190324546],[55.265751794,25.190324827],[55.265790323,25.190328397],[55.26579387,25.190328887],[55.265794949,25.190312117],[55.265795475,25.19030392],[55.265883948,25.190312285],[55.2658832,25.190318448],[55.26588051,25.190340593],[55.265889357,25.190341413],[55.265886657,25.19036554],[55.265906632,25.190367391],[55.265897861,25.190445774],[55.265893671,25.190483216],[55.2658978,25.190483599],[55.26589758,25.190485569],[55.265888738,25.190564566],[55.265870126,25.190562842],[55.265867165,25.190589305],[55.265857792,25.190588437],[55.265855386,25.19061055]]]},"properties":{"transport_accessibility_score":50.5,"transport_accessibility_score_level":"medium","transport_accessibility_score_fill_color":"#78c679","traffic_accident_rate":61.9,"traffic_accident_rate_level":"high","traffic_accident_rate_fill_color":"#f03b20","building_id":"DEMO_025"}},{"type":"Feature","geometry":{"type":"Polygon","coordinates":[[[55.265855386,25.19061055],[55.265854621,25.190617578],[55.265765053,25.190609509],[55.265766043,25.190600405],[55.265768049,25.190581975],[55.265721564,25.190577668],[55.26572006,25.190597136],[55.26571888,25.19061241],[55.2656647,25.190608945],[55.265664739,25.190608445],[55.26566591,25.190593287],[55.265667503,25.190572659],[55.26562232,25.190568473],[55.265620759,25.190590078],[55.265620503,25.190593608],[55.265532664,25.190588352],[55.265534621,25.190561256],[55.265525722,25.190560429],[55.265528618,25.190534564],[55.265507187,25.190532579],[55.265515356,25.190459591],[55.265511483,25.190459233],[55.265525151,25.190337094],[55.265545611,25.19033899],[55.265548672,25.190311637],[55.265560153,25.190312701],[55.265562395,25.190287563],[55.265563478,25.190287643],[55.265650254,25.190294049],[55.265650172,25.190294961],[55.265648364,25.190315243],[55.265687736,25.190318891],[55.265696609,25.190319714],[55.265748764,25.190324546],[55.265751794,25.190324827],[55.265790323,25.190328397],[55.26579387,25.190328887],[55.265794949,25.190312117],[55.265795475,25.19030392],[55.265883948,25.190312285],[55.2658832,25.190318448],[55.26588051,25.190340593],[55.265889357,25.190341413],[55.265886657,25.19036554],[55.265906632,25.190367391],[55.265897861,25.190445774],[55.265893671,25.190483216],[55.2658978,25.190483599],[55.26589758,25.190485569],[55.265888738,25.190564566],[55.265870126,25.190562842],[55.265867165,25.190589305],[55.265857792,25.190588437],[55.265855386,25.19061055]]]},"properties":{"transport_accessibility_score":50.5,"transport_accessibility_score_level":"medium","transport_accessibility_score_fill_color":"#78c679","traffic_accident_rate":62.67,"traffic_accident_rate_level":"high","traffic_accident_rate_fill_color":"#f03b20","building_id":"DEMO_026"}},{"type":"Feature","geometry":{"type":"Polygon","coordinates":[[[55.266929779,25.192710273],[55.266915536,25.192724609],[55.266908537,25.192731647],[55.266893568,25.192746716],[55.26678473,25.19285624],[55.266528484,25.193030395],[55.266364274,25.193012203],[55.26633847,25.193009348],[55.266296416,25.193039534],[55.266230313,25.192960633],[55.266200358,25.192928031],[55.266193728,25.192933074],[55.266175464,25.192913188],[55.266182789,25.192907613],[55.266178426,25.192902862],[55.266187647,25.192895843],[55.266171579,25.192869179],[55.266145234,25.192820618],[55.266121202,25.192771066],[55.266099532,25.192720621],[55.266097342,25.192714788],[55.266081125,25.192671676],[55.266080263,25.192669382],[55.266063435,25.192617432],[55.266061425,25.192609956],[55.266047295,25.192612893],[55.266044949,25.192603494],[55.266038172,25.1926049],[55.266033638,25.192586753],[55.266048293,25.192583717],[55.26604667,25.192577208],[55.266043532,25.192564677],[55.266036166,25.192535236],[55.266048619,25.192532659],[55.266044877,25.192517691],[55.266025062,25.192521798],[55.266015367,25.192523807],[55.266006576,25.192488678],[55.266016271,25.192486669],[55.266018732,25.192486156],[55.266017702,25.192482039],[55.266011485,25.192457175],[55.266027063,25.19245395],[55.266025915,25.192449364],[55.266018917,25.192382866],[55.266015325,25.192348678],[55.265996514,25.192348336],[55.265997236,25.192315359],[55.265984775,25.192315128],[55.265985671,25.192274804],[55.265998132,25.192275035],[55.266018282,25.192275405],[55.266018536,25.192263851],[55.266002226,25.192263554],[55.266003233,25.192218328],[55.265998451,25.192218236],[55.265998603,25.192211294],[55.265986966,25.192211081],[55.265987413,25.192190941],[55.265999051,25.192191154],[55.265999214,25.192183743],[55.266013907,25.192184012],[55.266014135,25.192167347],[55.26616185,25.192157194],[55.266155212,25.192297513],[55.266300766,25.192303311],[55.26634068,25.19227849],[55.266477184,25.192276641],[55.266491099,25.192254392],[55.266622101,25.192248045],[55.266657939,25.191993929],[55.266517247,25.191976668],[55.266510973,25.191928896],[55.266324086,25.19190206],[55.266305226,25.191829443],[55.266191828,25.191821748],[55.266172836,25.191989887],[55.266010711,25.192006534],[55.266010972,25.191999873],[55.266011324,25.191991125],[55.265993217,25.191992679],[55.265993178,25.191992309],[55.265992102,25.191981918],[55.265981882,25.191982798],[55.265979889,25.191963596],[55.265989255,25.191962788],[55.265982751,25.19190019],[55.265973207,25.191901007],[55.26597145,25.191884098],[55.265969062,25.191861105],[55.265978606,25.191860288],[55.265982248,25.191859973],[55.265976691,25.191806412],[55.265975399,25.191794008],[55.265972729,25.191794386],[55.26596643,25.19175729],[55.265962144,25.191757893],[55.265947349,25.191670656],[55.26596893,25.191667624],[55.265968159,25.191663056],[55.265966367,25.19165521],[55.265963172,25.191638183],[55.265960409,25.191628983],[55.265957359,25.191618862],[55.265940494,25.191561685],[55.265927067,25.19151379],[55.265910709,25.191455231],[55.265908323,25.191445914],[55.265897077,25.191402046],[55.265883861,25.191368178],[55.26587537,25.191346302],[55.265871615,25.19133683],[55.265844426,25.191345737],[55.26583861,25.191331029],[55.2658658,25.191322122],[55.265862213,25.191313129],[55.265851049,25.191316798],[55.265834791,25.19127578],[55.26583884,25.191274446],[55.265815141,25.191214693],[55.265797497,25.191221816],[55.26576741,25.191160219],[55.265751643,25.191127939],[55.265750186,25.191124951],[55.265772365,25.191117387],[55.265730122,25.191041214],[55.265717866,25.191046841],[55.265696715,25.191008709],[55.265694604,25.19100489],[55.265712973,25.190996458],[55.265696748,25.190967193],[55.265692476,25.190960574],[55.265687935,25.190954271],[55.265685368,25.190950641],[55.265681819,25.190945629],[55.265675256,25.190936283],[55.265558881,25.190987342],[55.26555009,25.190987672],[55.26554149,25.190985908],[55.265533694,25.190982185],[55.265527218,25.190976757],[55.265522509,25.190969984],[55.265519894,25.190962337],[55.265519551,25.190954329],[55.2655215,25.190946522],[55.265525602,25.190939437],[55.265592997,25.190849412],[55.265580056,25.190838005],[55.265511415,25.190777509],[55.265497251,25.190788904],[55.265468039,25.190758839],[55.265475136,25.190753137],[55.265435742,25.190712596],[55.265426262,25.190720219],[55.265409475,25.190702942],[55.265418954,25.19069531],[55.265411577,25.190687714],[55.265398716,25.190675567],[55.265343474,25.190623355],[55.26532859,25.190609275],[55.265325175,25.190612676],[55.265320663,25.190608928],[55.265316166,25.190613403],[55.265298693,25.190598871],[55.26530319,25.190594395],[55.265300978,25.190592562],[55.265308374,25.190585199],[55.265274856,25.190557316],[55.265266327,25.190550226],[55.26525651,25.190559998],[55.265221563,25.190530932],[55.265228304,25.190524219],[55.26522158,25.190518628],[55.265201152,25.190501638],[55.265184671,25.19048735],[55.265162259,25.190469131],[55.265125636,25.190439523],[55.265058605,25.190392415],[55.264994757,25.190347547],[55.26494386,25.19031406],[55.264906193,25.190290039],[55.264903376,25.19028825],[55.264868682,25.190270595],[55.264865127,25.190276317],[55.264845012,25.190265953],[55.26478824,25.190236706],[55.264711184,25.190197004],[55.264571911,25.190125254],[55.264555902,25.190117005],[55.264559398,25.190111383],[55.26452627,25.190096075],[55.264473711,25.190071785],[55.264370485,25.19002893],[55.264335124,25.190014253],[55.264328548,25.190011524],[55.264296619,25.189998275],[55.264289378,25.189996024],[55.264194816,25.189966677],[55.264154006,25.189955817],[55.264045286,25.189926897],[55.264043435,25.189936708],[55.263942521,25.189912856],[55.263943964,25.189904877],[55.263942555,25.189904632],[55.26393343,25.189935844],[55.263823705,25.189912322],[55.263833812,25.189881336],[55.263829517,25.189880386],[55.26382732,25.189887706],[55.263801608,25.189881935],[55.2637357,25.189867153],[55.263731583,25.189866231],[55.263578923,25.189835638],[55.263576473,25.189835185],[55.263573242,25.189846721],[55.263475857,25.189826851],[55.263476345,25.18982463],[55.263480224,25.189806695],[55.263425436,25.189795719],[55.263422582,25.189807516],[55.263398931,25.18980542],[55.263368519,25.18979441],[55.263233549,25.189745572],[55.263195909,25.18972694],[55.263146615,25.189702534],[55.263106654,25.189682746],[55.263041791,25.189646037],[55.262947887,25.189592885],[55.262945684,25.189560233],[55.262943766,25.189531733],[55.262937775,25.189442974],[55.262933171,25.189374807],[55.263332481,25.189072123],[55.263336471,25.189069101],[55.263371796,25.189042325],[55.263385215,25.189032555],[55.263387795,25.189030552],[55.263410535,25.189012815],[55.263444857,25.188986038],[55.263440881,25.18898229],[55.263460008,25.188967097],[55.263484305,25.188947773],[55.263476472,25.188939608],[55.263509832,25.188913346],[55.263511073,25.188912371],[55.263522544,25.188925195],[55.263609483,25.188856052],[55.263599479,25.188844961],[55.263600362,25.188844267],[55.263635548,25.188816786],[55.26364349,25.188825122],[55.263666934,25.188806609],[55.263673594,25.18880135],[55.263682121,25.188809857],[55.26369173,25.188802107],[55.263689072,25.188799199],[55.263724496,25.188772351],[55.263745101,25.188756753],[55.263752803,25.188750916],[55.264261828,25.188357936],[55.264296021,25.188331042],[55.264311475,25.188318899],[55.264411309,25.188427344],[55.264416078,25.188432664],[55.264433984,25.188452568],[55.264440032,25.188459296],[55.264429799,25.188467362],[55.264438673,25.188477305],[55.264452161,25.188467164],[55.264554425,25.188578193],[55.264565303,25.188570597],[55.264580502,25.188588641],[55.264569316,25.188596498],[55.264587192,25.188617576],[55.264600095,25.188608519],[55.264628828,25.188640624],[55.264617017,25.188649357],[55.264620239,25.188652861],[55.264690319,25.188729002],[55.264722919,25.188764431],[55.264723267,25.188764151],[55.264742562,25.188784607],[55.264742274,25.188784833],[55.264755471,25.188799147],[55.264757208,25.188797766],[55.264863091,25.188912913],[55.264847518,25.188924777],[55.264861409,25.18893975],[55.264873091,25.188930782],[55.264891504,25.188950624],[55.264931918,25.188993639],[55.264934677,25.188991546],[55.264937268,25.188989543],[55.264937288,25.188989561],[55.264992842,25.189049429],[55.264990411,25.189051278],[55.26498783,25.189053245],[55.265002217,25.189068616],[55.265003387,25.18906988],[55.265234221,25.189320592],[55.265252384,25.189307276],[55.265319159,25.189387306],[55.265381911,25.189456439],[55.265371906,25.189464468],[55.265470462,25.189573554],[55.265458333,25.189582621],[55.265464213,25.189589123],[55.265467396,25.189592645],[55.265493648,25.189573285],[55.265550223,25.189635878],[55.26553592,25.189649151],[55.265550951,25.189665262],[55.265613308,25.189732075],[55.265636262,25.189756675],[55.265637304,25.189757786],[55.265651636,25.18974714],[55.265826164,25.189935745],[55.266166798,25.190333749],[55.266170843,25.190338472],[55.266192775,25.190364101],[55.266193122,25.190364508],[55.266328963,25.190365887],[55.266309262,25.190487105],[55.266309123,25.190487909],[55.266323044,25.19050281],[55.26632468,25.190504562],[55.266384391,25.190568475],[55.26643962,25.190627601],[55.26644902,25.190637662],[55.266575521,25.190773073],[55.26661435,25.190814643],[55.26663083,25.190832281],[55.266757996,25.190968406],[55.266761605,25.190972271],[55.266813553,25.191027875],[55.26681507,25.191029501],[55.267037376,25.191267468],[55.267066309,25.191299826],[55.267070225,25.191304215],[55.267119465,25.191359267],[55.267121676,25.191361751],[55.267190617,25.191438847],[55.267210388,25.191460954],[55.267250962,25.191504782],[55.267253877,25.19150815],[55.267266936,25.191523223],[55.267269725,25.191521084],[55.267299749,25.191553515],[55.267296414,25.191556068],[55.267306577,25.191567402],[55.26731452,25.1915759],[55.267336017,25.19159892],[55.267426498,25.191695842],[55.266595339,25.192331672],[55.266929779,25.192710273]]]},"properties":{"transport_accessibility_score":51.8,"transport_accessibility_score_level":"medium","transport_accessibility_score_fill_color":"#78c679","traffic_accident_rate":58.03,"traffic_accident_rate_level":"medium","traffic_accident_rate_fill_color":"#fd8d3c","building_id":"DEMO_027"}},{"type":"Feature","geometry":{"type":"Polygon","coordinates":[[[55.269160759,25.188070999],[55.269091767,25.188073813],[55.269090156,25.188042145],[55.269034141,25.188044612],[55.269033537,25.18802319],[55.268879216,25.188022581],[55.268926984,25.187420584],[55.268928741,25.187420215],[55.268929515,25.187420043],[55.26918449,25.18744608],[55.269440984,25.187451987],[55.26950096,25.18799669],[55.269365909,25.188008863],[55.26936687,25.188030565],[55.269314307,25.188032818],[55.26931564,25.188064675],[55.269248175,25.188067426],[55.269160759,25.188070999]]]},"properties":{"transport_accessibility_score":37.3,"transport_accessibility_score_level":"low","transport_accessibility_score_fill_color":"#c2e699","traffic_accident_rate":66.67,"traffic_accident_rate_level":"high","traffic_accident_rate_fill_color":"#f03b20","building_id":"DEMO_028"}},{"type":"Feature","geometry":{"type":"Polygon","coordinates":[[[55.260097776,25.184399173],[55.260100596,25.184429651],[55.260076414,25.184438115],[55.260068985,25.184435124],[55.259971456,25.184481358],[55.259969952,25.184490764],[55.259941197,25.184499253],[55.259923111,25.18448304],[55.259922448,25.184481307],[55.259892499,25.184494824],[55.259854522,25.184428057],[55.259772367,25.184464306],[55.259770084,25.184465605],[55.259777259,25.184478192],[55.259703505,25.184516973],[55.259699357,25.184519155],[55.25969791,25.18451679],[55.259689555,25.1845031],[55.259363099,25.183968028],[55.259363892,25.18396764],[55.259370819,25.183964285],[55.25943435,25.183933525],[55.25944605,25.183927853],[55.259444395,25.183925126],[55.259546477,25.183878478],[55.259592183,25.183958221],[55.259815481,25.183854591],[55.259823817,25.183850912],[55.259776446,25.183767025],[55.259871325,25.183722487],[55.259896763,25.183769567],[55.259946022,25.183748613],[55.260163528,25.184171791],[55.260169524,25.184181968],[55.260175688,25.184192416],[55.26018217,25.184203396],[55.26018664,25.184210963],[55.260133252,25.184234913],[55.260138692,25.184245252],[55.260144678,25.184256629],[55.260151218,25.184269036],[55.260160622,25.184286905],[55.260088906,25.18431842],[55.26012585,25.184386269],[55.260097776,25.184399173]]]},"properties":{"transport_accessibility_score":39.7,"transport_accessibility_score_level":"low","transport_accessibility_score_fill_color":"#c2e699","traffic_accident_rate":41.46,"traffic_accident_rate_level":"medium","traffic_accident_rate_fill_color":"#fd8d3c","building_id":"DEMO_029"}},{"type":"Feature","geometry":{"type":"Polygon","coordinates":[[[55.25952981,25.188851924],[55.259308035,25.188662096],[55.260018208,25.188119074],[55.260305041,25.188259156],[55.25952981,25.188851924]]]},"properties":{"transport_accessibility_score":57.7,"transport_accessibility_score_level":"medium","transport_accessibility_score_fill_color":"#78c679","traffic_accident_rate":44.63,"traffic_accident_rate_level":"medium","traffic_accident_rate_fill_color":"#fd8d3c","building_id":"DEMO_030"}},{"type":"Feature","geometry":{"type":"Polygon","coordinates":[[[55.26033599,25.183488423],[55.260336971,25.183490527],[55.260347771,25.183513715],[55.260303157,25.183530917],[55.260300657,25.183531881],[55.260289391,25.183507692],[55.260288876,25.18350659],[55.26033599,25.183488423]]]},"properties":{"transport_accessibility_score":36.2,"transport_accessibility_score_level":"low","transport_accessibility_score_fill_color":"#c2e699","traffic_accident_rate":42.48,"traffic_accident_rate_level":"medium","traffic_accident_rate_fill_color":"#fd8d3c","building_id":"DEMO_031"}},{"type":"Feature","geometry":{"type":"Polygon","coordinates":[[[55.26493055,25.191442929],[55.264936971,25.191440133],[55.264938678,25.191439394],[55.264949315,25.191436961],[55.265010645,25.191389949],[55.26500892,25.191388052],[55.264988056,25.191403741],[55.264848242,25.191249717],[55.26484585,25.191251512],[55.264758051,25.191154798],[55.264781316,25.191137314],[55.264740059,25.191091861],[55.264770233,25.19106919],[55.264748836,25.19104598],[55.264779793,25.191022343],[55.264768579,25.191010178],[55.264859795,25.19094053],[55.264923749,25.191008264],[55.264911936,25.191019723],[55.264935932,25.191044559],[55.264953461,25.191030439],[55.264934767,25.190997888],[55.264944086,25.190993459],[55.265131652,25.191199701],[55.265170887,25.191171112],[55.26522761,25.191235538],[55.265221794,25.191239779],[55.265229766,25.191248837],[55.265253706,25.191231389],[55.265272733,25.191217442],[55.265289291,25.191236136],[55.265314713,25.191264077],[55.265348088,25.191300752],[55.265361206,25.191315166],[55.265362892,25.191317017],[55.265345227,25.191324809],[55.265313342,25.191338868],[55.265323388,25.191346609],[55.265329145,25.191343452],[55.265355717,25.191373976],[55.265366665,25.191365559],[55.265383828,25.191384045],[55.26537288,25.191392454],[55.265470696,25.19149781],[55.265390795,25.191559231],[55.265359879,25.191525942],[55.265305655,25.191567623],[55.265269933,25.191595077],[55.26529614,25.191623299],[55.265297994,25.191625304],[55.265255771,25.191657756],[55.265252346,25.19166039],[55.265251474,25.19165946],[55.265157942,25.191558718],[55.265144477,25.191544214],[55.265149658,25.191540235],[55.265145394,25.191535647],[55.265064376,25.19144875],[55.265033989,25.191462213],[55.265036684,25.191486038],[55.265035536,25.191499262],[55.265030975,25.191511871],[55.26502327,25.191523133],[55.265066996,25.191570547],[55.265060872,25.191575094],[55.265032853,25.191595897],[55.26498631,25.191546055],[55.264976227,25.191550916],[55.264966394,25.191552861],[55.264954686,25.19155411],[55.26494289,25.19155424],[55.264946775,25.191526167],[55.264936339,25.19152387],[55.264926698,25.191519577],[55.264918298,25.191513489],[55.26490626,25.191518828],[55.264889132,25.191526411],[55.264865732,25.191501034],[55.264891876,25.191480997],[55.264907002,25.191469395],[55.264907719,25.191465757],[55.264910153,25.191459439],[55.264890473,25.191434515],[55.264909133,25.191419628],[55.26493055,25.191442929]]]},"properties":{"transport_accessibility_score":52.9,"transport_accessibility_score_level":"medium","transport_accessibility_score_fill_color":"#78c679","traffic_accident_rate":63.37,"traffic_accident_rate_level":"high","traffic_accident_rate_fill_color":"#f03b20","building_id":"DEMO_032"}},{"type":"Feature","geometry":{"type":"Polygon","coordinates":[[[55.270206919,25.187865346],[55.270102962,25.187883792],[55.27011501,25.187934572],[55.269610974,25.188025117],[55.269602852,25.187996074],[55.269505987,25.188005965],[55.269436246,25.18740693],[55.269739697,25.187391976],[55.269890544,25.187375052],[55.270040373,25.187351871],[55.270206919,25.187865346]]]},"properties":{"transport_accessibility_score":36.9,"transport_accessibility_score_level":"low","transport_accessibility_score_fill_color":"#c2e699","traffic_accident_rate":65.08,"traffic_accident_rate_level":"high","traffic_accident_rate_fill_color":"#f03b20","building_id":"DEMO_033"}},{"type":"Feature","geometry":{"type":"Polygon","coordinates":[[[55.26244182,25.19108194],[55.26212927,25.191320931],[55.261934717,25.191110286],[55.262247267,25.190871295],[55.26244182,25.19108194]]]},"properties":{"transport_accessibility_score":59.1,"transport_accessibility_score_level":"medium","transport_accessibility_score_fill_color":"#78c679","traffic_accident_rate":53.65,"traffic_accident_rate_level":"medium","traffic_accident_rate_fill_color":"#fd8d3c","building_id":"DEMO_034"}},{"type":"Feature","geometry":{"type":"Polygon","coordinates":[[[55.268848603,25.18985326],[55.26883698,25.189451227],[55.269135815,25.189445075],[55.269138458,25.189511869],[55.26918886,25.189511891],[55.269194316,25.189787056],[55.269144971,25.189788709],[55.269146454,25.189844416],[55.268848603,25.18985326]]]},"properties":{"transport_accessibility_score":42.6,"transport_accessibility_score_level":"medium","transport_accessibility_score_fill_color":"#78c679","traffic_accident_rate":66.22,"traffic_accident_rate_level":"high","traffic_accident_rate_fill_color":"#f03b20","building_id":"DEMO_035"}},{"type":"Feature","geometry":{"type":"Polygon","coordinates":[[[55.269611399,25.189126492],[55.269501447,25.188554646],[55.269750315,25.188514627],[55.269841363,25.18909363],[55.269611399,25.189126492]]]},"properties":{"transport_accessibility_score":39.1,"transport_accessibility_score_level":"low","transport_accessibility_score_fill_color":"#c2e699","traffic_accident_rate":65.78,"traffic_accident_rate_level":"high","traffic_accident_rate_fill_color":"#f03b20","building_id":"DEMO_036"}},{"type":"Feature","geometry":{"type":"Polygon","coordinates":[[[55.258829978,25.187446284],[55.25851745,25.187685258],[55.258284005,25.187432485],[55.258596522,25.187193503],[55.258829978,25.187446284]]]},"properties":{"transport_accessibility_score":54.6,"transport_accessibility_score_level":"medium","transport_accessibility_score_fill_color":"#78c679","traffic_accident_rate":41.4,"traffic_accident_rate_level":"medium","traffic_accident_rate_fill_color":"#fd8d3c","building_id":"DEMO_037"}},{"type":"Feature","geometry":{"type":"Polygon","coordinates":[[[55.266091415,25.191984237],[55.266011325,25.191991124],[55.265993217,25.191992681],[55.265993179,25.19199231],[55.265992099,25.191981917],[55.265981881,25.191982796],[55.265979888,25.191963593],[55.265989254,25.191962787],[55.265982751,25.19190019],[55.26597321,25.191901011],[55.265971453,25.1918841],[55.265969065,25.191861109],[55.265978606,25.191860288],[55.265982251,25.191859974],[55.265976687,25.191806415],[55.265975399,25.191794011],[55.265972727,25.191794386],[55.265966432,25.191757288],[55.265962146,25.19175789],[55.265947346,25.191670654],[55.265968929,25.191667623],[55.265968155,25.191663057],[55.26604986,25.191651581],[55.266055853,25.191686905],[55.266063543,25.191685825],[55.266070244,25.19172532],[55.266070955,25.191729513],[55.266073188,25.191729187],[55.266081936,25.191780865],[55.266082095,25.191780852],[55.266086824,25.191826374],[55.266089587,25.191852966],[55.266092142,25.191852746],[55.266095698,25.191886984],[55.266097507,25.191904396],[55.266093917,25.191904705],[55.266098534,25.191949161],[55.266087866,25.191950079],[55.266091415,25.191984237]]]},"properties":{"transport_accessibility_score":51.2,"transport_accessibility_score_level":"medium","transport_accessibility_score_fill_color":"#78c679","traffic_accident_rate":65.59,"traffic_accident_rate_level":"high","traffic_accident_rate_fill_color":"#f03b20","building_id":"DEMO_038"}},{"type":"Feature","geometry":{"type":"Polygon","coordinates":[[[55.266091415,25.191984237],[55.266011325,25.191991124],[55.265993217,25.191992681],[55.265993179,25.19199231],[55.265992099,25.191981917],[55.265981881,25.191982796],[55.265979888,25.191963593],[55.265989254,25.191962787],[55.265982751,25.19190019],[55.26597321,25.191901011],[55.265971453,25.1918841],[55.265969065,25.191861109],[55.265978606,25.191860288],[55.265982251,25.191859974],[55.265976687,25.191806415],[55.265975399,25.191794011],[55.265972727,25.191794386],[55.265966432,25.191757288],[55.265962146,25.19175789],[55.265947346,25.191670654],[55.265968929,25.191667623],[55.265968155,25.191663057],[55.26604986,25.191651581],[55.266055853,25.191686905],[55.266063543,25.191685825],[55.266070244,25.19172532],[55.266070955,25.191729513],[55.266073188,25.191729187],[55.266081936,25.191780865],[55.266082095,25.191780852],[55.266086824,25.191826374],[55.266089587,25.191852966],[55.266092142,25.191852746],[55.266095698,25.191886984],[55.266097507,25.191904396],[55.266093917,25.191904705],[55.266098534,25.191949161],[55.266087866,25.191950079],[55.266091415,25.191984237]]]},"properties":{"transport_accessibility_score":51.2,"transport_accessibility_score_level":"medium","transport_accessibility_score_fill_color":"#78c679","traffic_accident_rate":64.63,"traffic_accident_rate_level":"high","traffic_accident_rate_fill_color":"#f03b20","building_id":"DEMO_039"}},{"type":"Feature","geometry":{"type":"Polygon","coordinates":[[[55.264947469,25.181148271],[55.264961157,25.181223293],[55.264797612,25.181251663],[55.264768632,25.181095469],[55.264768711,25.181095451],[55.264738107,25.180953736],[55.264736251,25.180954042],[55.264715278,25.180851157],[55.264828074,25.180832126],[55.264819447,25.180789775],[55.265052669,25.180749585],[55.265094269,25.180742789],[55.265103174,25.180786241],[55.265146332,25.180778823],[55.265169369,25.18077487],[55.265168301,25.180769715],[55.265199652,25.180764331],[55.265203591,25.180763656],[55.26520466,25.180768802],[55.26520456,25.18076882],[55.265226225,25.180878981],[55.265219498,25.180880115],[55.265225276,25.180907949],[55.26515031,25.180921139],[55.265161696,25.180998201],[55.265162485,25.181040738],[55.26516367,25.181104742],[55.265270296,25.181085445],[55.26528645,25.181169271],[55.265009414,25.181215336],[55.264996927,25.181139853],[55.264947469,25.181148271]]]},"properties":{"transport_accessibility_score":28.9,"transport_accessibility_score_level":"low","transport_accessibility_score_fill_color":"#c2e699","traffic_accident_rate":37.9,"traffic_accident_rate_level":"low","traffic_accident_rate_fill_color":"#fed976","building_id":"DEMO_040"}},{"type":"Feature","geometry":{"type":"Polygon","coordinates":[[[55.258463222,25.184655386],[55.25846717,25.184638668],[55.258490108,25.184624175],[55.258477753,25.184610696],[55.258490291,25.184601181],[55.258424582,25.184529494],[55.258421839,25.184508712],[55.25881276,25.18426166],[55.259194131,25.184798696],[55.258954558,25.184939562],[55.258786576,25.184921564],[55.258714366,25.184963027],[55.258722592,25.184925711],[55.258695689,25.184922712],[55.258691733,25.184952566],[55.258685497,25.18495525],[55.258463222,25.184655386]]]},"properties":{"transport_accessibility_score":42.8,"transport_accessibility_score_level":"medium","transport_accessibility_score_fill_color":"#78c679","traffic_accident_rate":41.27,"traffic_accident_rate_level":"medium","traffic_accident_rate_fill_color":"#fd8d3c","building_id":"DEMO_041"}},{"type":"Feature","geometry":{"type":"Polygon","coordinates":[[[55.270179439,25.188405376],[55.270309784,25.188375337],[55.270312927,25.188388594],[55.270415719,25.188368675],[55.270428483,25.188408979],[55.270437698,25.188406562],[55.270455117,25.188461561],[55.270469354,25.188457828],[55.270471237,25.188463775],[55.270503757,25.188455248],[55.270569657,25.188663326],[55.270697553,25.189057954],[55.270045245,25.189206077],[55.269941556,25.188581219],[55.270072985,25.188554459],[55.270051446,25.188456554],[55.270183656,25.188420524],[55.270179439,25.188405376]]]},"properties":{"transport_accessibility_score":39,"transport_accessibility_score_level":"low","transport_accessibility_score_fill_color":"#c2e699","traffic_accident_rate":64.7,"traffic_accident_rate_level":"high","traffic_accident_rate_fill_color":"#f03b20","building_id":"DEMO_042"}},{"type":"Feature","geometry":{"type":"Polygon","coordinates":[[[55.267971713,25.19098263],[55.26800631,25.190861417],[55.268444022,25.191121313],[55.268362224,25.191225369],[55.268342939,25.191212818],[55.267971713,25.19098263]]]},"properties":{"transport_accessibility_score":46.1,"transport_accessibility_score_level":"medium","transport_accessibility_score_fill_color":"#78c679","traffic_accident_rate":66.48,"traffic_accident_rate_level":"high","traffic_accident_rate_fill_color":"#f03b20","building_id":"DEMO_043"}},{"type":"Feature","geometry":{"type":"Polygon","coordinates":[[[55.270489838,25.18778704],[55.270457564,25.187788543],[55.27033113,25.187826918],[55.270203617,25.187862196],[55.27006892,25.187439267],[55.270102149,25.187432104],[55.270092934,25.18738988],[55.27042732,25.187314925],[55.270750769,25.187207331],[55.27075058,25.187206924],[55.27083176,25.187175192],[55.270852613,25.187214984],[55.270933109,25.187182619],[55.271008902,25.187266676],[55.271201482,25.187474014],[55.271023091,25.187574629],[55.271016024,25.187580448],[55.271058347,25.18760103],[55.270847042,25.187693326],[55.27080578,25.187714198],[55.270718557,25.187747137],[55.270464275,25.187836652],[55.270489838,25.18778704]]]},"properties":{"transport_accessibility_score":37.1,"transport_accessibility_score_level":"low","transport_accessibility_score_fill_color":"#c2e699","traffic_accident_rate":66.73,"traffic_accident_rate_level":"high","traffic_accident_rate_fill_color":"#f03b20","building_id":"DEMO_044"}},{"type":"Feature","geometry":{"type":"Polygon","coordinates":[[[55.258381016,25.188204238],[55.258364162,25.188217301],[55.258343322,25.188195038],[55.258339247,25.188190685],[55.2582519,25.18809738],[55.258249461,25.188094779],[55.258494249,25.187905051],[55.258498036,25.187909097],[55.258607761,25.188026308],[55.258592148,25.188038406],[55.258613781,25.188061508],[55.258629394,25.188049411],[55.258742907,25.188170659],[55.258741904,25.188171435],[55.258498118,25.188360387],[55.258486508,25.188347987],[55.258413239,25.188269729],[55.258401956,25.188257672],[55.258383426,25.188237874],[55.25840028,25.188224812],[55.258381016,25.188204238]]]},"properties":{"transport_accessibility_score":56.9,"transport_accessibility_score_level":"medium","transport_accessibility_score_fill_color":"#78c679","traffic_accident_rate":41.9,"traffic_accident_rate_level":"medium","traffic_accident_rate_fill_color":"#fd8d3c","building_id":"DEMO_045"}},{"type":"Feature","geometry":{"type":"Polygon","coordinates":[[[55.258184685,25.187110262],[55.258135841,25.187147582],[55.258087066,25.187184849],[55.257938014,25.18702333],[55.257984148,25.186988084],[55.258035632,25.186948751],[55.258096467,25.186902265],[55.258112228,25.18692021],[55.258149567,25.186888408],[55.258255236,25.18700149],[55.258233175,25.187019282],[55.258263156,25.187051769],[55.258185478,25.187111129],[55.258184685,25.187110262]]]},"properties":{"transport_accessibility_score":53.1,"transport_accessibility_score_level":"medium","transport_accessibility_score_fill_color":"#78c679","traffic_accident_rate":40.19,"traffic_accident_rate_level":"medium","traffic_accident_rate_fill_color":"#fd8d3c","building_id":"DEMO_046"}},{"type":"Feature","geometry":{"type":"Polygon","coordinates":[[[55.266293292,25.191971615],[55.26636043,25.19197703],[55.266359467,25.191986918],[55.266393878,25.191989801],[55.266399428,25.191929544],[55.266481011,25.191935765],[55.266475405,25.191996633],[55.266597143,25.192006506],[55.266594716,25.192031429],[55.266602858,25.192032085],[55.266599313,25.192068492],[55.266636265,25.192071029],[55.266628733,25.192167456],[55.266590005,25.192164052],[55.266585725,25.192208001],[55.266577696,25.192207354],[55.266575581,25.192229074],[55.266454098,25.192219278],[55.266449197,25.192270251],[55.266367824,25.192265578],[55.26637155,25.192212622],[55.266339563,25.192210043],[55.26633836,25.192222392],[55.266330389,25.192221749],[55.266326293,25.19226646],[55.266281962,25.192263097],[55.266286077,25.192218177],[55.266271513,25.192217002],[55.266264632,25.192287651],[55.266172636,25.192280233],[55.266187254,25.192130147],[55.266000545,25.192152224],[55.266000611,25.192031846],[55.266193827,25.192007093],[55.266208979,25.191892701],[55.266216049,25.191893277],[55.266223316,25.191845555],[55.266300398,25.191855275],[55.266293646,25.191899608],[55.266300293,25.191900564],[55.266293292,25.191971615]]]},"properties":{"transport_accessibility_score":50.7,"transport_accessibility_score_level":"medium","transport_accessibility_score_fill_color":"#78c679","traffic_accident_rate":64.51,"traffic_accident_rate_level":"high","traffic_accident_rate_fill_color":"#f03b20","building_id":"DEMO_047"}},{"type":"Feature","geometry":{"type":"Polygon","coordinates":[[[55.25837853,25.187791457],[55.258108836,25.187997668],[55.257875592,25.187744727],[55.258145085,25.187538675],[55.25837853,25.187791457]]]},"properties":{"transport_accessibility_score":55.6,"transport_accessibility_score_level":"medium","transport_accessibility_score_fill_color":"#78c679","traffic_accident_rate":41.21,"traffic_accident_rate_level":"medium","traffic_accident_rate_fill_color":"#fd8d3c","building_id":"DEMO_048"}},{"type":"Feature","geometry":{"type":"Polygon","coordinates":[[[55.264385879,25.192397848],[55.264482346,25.192324375],[55.264522969,25.192368528],[55.264548527,25.192349069],[55.264561636,25.192363338],[55.26443962,25.192456271],[55.264391887,25.192492628],[55.264390836,25.19249149],[55.264338136,25.192434206],[55.264385879,25.192397848]]]},"properties":{"transport_accessibility_score":54.8,"transport_accessibility_score_level":"medium","transport_accessibility_score_fill_color":"#78c679","traffic_accident_rate":63.62,"traffic_accident_rate_level":"high","traffic_accident_rate_fill_color":"#f03b20","building_id":"DEMO_049"}},{"type":"Feature","geometry":{"type":"Polygon","coordinates":[[[55.262338285,25.192239968],[55.262375695,25.192211966],[55.262418048,25.192180264],[55.262464341,25.192145613],[55.262474316,25.192156351],[55.262486869,25.192169862],[55.262440516,25.192204288],[55.262398044,25.192235817],[55.262360049,25.192264036],[55.262344624,25.192275485],[55.262332161,25.192261902],[55.262322722,25.192251615],[55.262338285,25.192239968]]]},"properties":{"transport_accessibility_score":58.7,"transport_accessibility_score_level":"medium","transport_accessibility_score_fill_color":"#78c679","traffic_accident_rate":53.71,"traffic_accident_rate_level":"medium","traffic_accident_rate_fill_color":"#fd8d3c","building_id":"DEMO_050"}},{"type":"Feature","geometry":{"type":"Polygon","coordinates":[[[55.26189307,25.192093431],[55.261886165,25.192092227],[55.261867477,25.192086613],[55.261849931,25.192078516],[55.261831305,25.192066843],[55.261814357,25.192053222],[55.261799316,25.192037851],[55.261786418,25.192020963],[55.261773988,25.192000745],[55.261764734,25.191979175],[55.261758834,25.191956649],[55.26176476,25.191952147],[55.261771966,25.191946662],[55.261779778,25.191940735],[55.261915386,25.192088522],[55.261905966,25.192095676],[55.26190304,25.192095169],[55.26193282,25.192135978],[55.261917379,25.192124479],[55.261904826,25.192111239],[55.261894556,25.192096465],[55.26189307,25.192093431]]]},"properties":{"transport_accessibility_score":60,"transport_accessibility_score_level":"high","transport_accessibility_score_fill_color":"#31a354","traffic_accident_rate":53.08,"traffic_accident_rate_level":"medium","traffic_accident_rate_fill_color":"#fd8d3c","building_id":"DEMO_051"}},{"type":"Feature","geometry":{"type":"Polygon","coordinates":[[[55.257401481,25.185243279],[55.25739901,25.185245111],[55.257387351,25.185232033],[55.257424125,25.18520488],[55.257446302,25.185229762],[55.257462113,25.185218088],[55.257543507,25.185228114],[55.257543919,25.185235571],[55.25756802,25.185229851],[55.257573905,25.185195117],[55.257582597,25.185160881],[55.257594046,25.185127315],[55.257608184,25.185094607],[55.257618205,25.185077181],[55.257618483,25.185076684],[55.257631561,25.185057255],[55.257640972,25.185062388],[55.257713925,25.185102244],[55.257728202,25.185100879],[55.257799718,25.185040488],[55.257802722,25.185044208],[55.257827713,25.185075943],[55.257851939,25.185108146],[55.257841609,25.185112691],[55.257852402,25.185129388],[55.257865464,25.185152351],[55.257870468,25.185162446],[55.257879309,25.185158875],[55.257883104,25.185167751],[55.257884223,25.185170722],[55.257933546,25.185159652],[55.257934279,25.18516116],[55.257939658,25.185173584],[55.257942422,25.18517995],[55.25794577,25.185189656],[55.257949077,25.185199227],[55.257954204,25.185218882],[55.257957773,25.185238816],[55.257959765,25.185258929],[55.257909087,25.185262596],[55.257908591,25.185262586],[55.257909788,25.185268987],[55.257923489,25.185268281],[55.257923578,25.185268687],[55.257925832,25.185281155],[55.257963123,25.185283088],[55.257963875,25.185287105],[55.257965781,25.185301595],[55.257966446,25.185316364],[55.257965871,25.18533125],[55.257964067,25.185346144],[55.257961042,25.185360884],[55.257956836,25.185375352],[55.257921689,25.185372328],[55.257920704,25.185376498],[55.257922746,25.185378558],[55.257941028,25.185381735],[55.257937965,25.18539383],[55.257976877,25.185406389],[55.257970952,25.18542695],[55.258194628,25.185651508],[55.258195216,25.185646896],[55.258207268,25.185648707],[55.258209208,25.185641035],[55.258259224,25.185648282],[55.258255981,25.185662535],[55.258265305,25.185664841],[55.258293545,25.185672827],[55.258293575,25.185672836],[55.258309098,25.185678061],[55.258321347,25.185682193],[55.258348524,25.185692877],[55.258355398,25.185678672],[55.258377813,25.185688378],[55.258399969,25.185699556],[55.258421321,25.185711971],[55.258411398,25.185732873],[55.258431741,25.185740682],[55.258495859,25.185773403],[55.25848406,25.185794629],[55.258493274,25.185798271],[55.258497479,25.185800169],[55.258521104,25.185810833],[55.258535862,25.18581836],[55.2585482,25.185824659],[55.258511552,25.185889898],[55.258522184,25.185894914],[55.258538565,25.185875414],[55.258549108,25.185881522],[55.258576459,25.185898534],[55.258602907,25.18591671],[55.258628392,25.185935996],[55.258652844,25.185956347],[55.258676234,25.185977726],[55.258698483,25.186000071],[55.258611143,25.186060491],[55.258652073,25.186146226],[55.258627049,25.18615339],[55.258597272,25.186160524],[55.258567129,25.18616625],[55.258536699,25.186170568],[55.258498085,25.186172516],[55.258486021,25.186172745],[55.258486315,25.186196279],[55.258486362,25.186200062],[55.258481223,25.186199933],[55.258481272,25.186201621],[55.258465924,25.186202028],[55.258465875,25.186200286],[55.258454833,25.186200497],[55.258438841,25.186199848],[55.258438571,25.186203811],[55.258437946,25.186203774],[55.258419087,25.186202727],[55.258403902,25.18627677],[55.258119238,25.186493812],[55.258077431,25.186526352],[55.258051713,25.186498995],[55.257951408,25.186392937],[55.257897333,25.186435825],[55.257876404,25.186413066],[55.25781099,25.186341889],[55.257398479,25.185893077],[55.257299107,25.185789195],[55.257281816,25.185771123],[55.25726174,25.185750142],[55.257095187,25.18587976],[55.257073802,25.185857135],[55.257062358,25.185865949],[55.256691714,25.186152409],[55.256635682,25.186070385],[55.256503223,25.186159542],[55.256365509,25.186241835],[55.256372101,25.186154816],[55.256351834,25.186153135],[55.256356479,25.186103027],[55.256353772,25.186053602],[55.256519046,25.185969761],[55.256565931,25.185940962],[55.256675876,25.185873414],[55.2568231,25.185765253],[55.256959655,25.185646056],[55.25708455,25.185516705],[55.25719686,25.185378141],[55.257245233,25.185395534],[55.257213657,25.185377247],[55.257239524,25.185338533],[55.257263251,25.185345686],[55.257242259,25.185376034],[55.25727224,25.185391152],[55.257277354,25.185383869],[55.257265027,25.185376713],[55.257310425,25.185311984],[55.257401481,25.185243279]]]},"properties":{"transport_accessibility_score":48.3,"transport_accessibility_score_level":"medium","transport_accessibility_score_fill_color":"#78c679","traffic_accident_rate":40.25,"traffic_accident_rate_level":"medium","traffic_accident_rate_fill_color":"#fd8d3c","building_id":"DEMO_052"}},{"type":"Feature","geometry":{"type":"Polygon","coordinates":[[[55.266537349,25.180493019],[55.266548342,25.18053898],[55.266655823,25.180521029],[55.266748487,25.180917368],[55.266261991,25.181000193],[55.266179145,25.180602242],[55.266295805,25.180581479],[55.266286187,25.180536772],[55.266537349,25.180493019]]]},"properties":{"transport_accessibility_score":29,"transport_accessibility_score_level":"low","transport_accessibility_score_fill_color":"#c2e699","traffic_accident_rate":38.35,"traffic_accident_rate_level":"low","traffic_accident_rate_fill_color":"#fed976","building_id":"DEMO_053"}},{"type":"Feature","geometry":{"type":"Polygon","coordinates":[[[55.267154451,25.192552571],[55.266947036,25.192708193],[55.266608456,25.192328906],[55.267130986,25.191935547],[55.267129169,25.191933569],[55.267434378,25.191700538],[55.267776327,25.192071418],[55.267154451,25.192552571]]]},"properties":{"transport_accessibility_score":48.7,"transport_accessibility_score_level":"medium","transport_accessibility_score_fill_color":"#78c679","traffic_accident_rate":66.98,"traffic_accident_rate_level":"high","traffic_accident_rate_fill_color":"#f03b20","building_id":"DEMO_054"}},{"type":"Feature","geometry":{"type":"Polygon","coordinates":[[[55.257642471,25.187566421],[55.257678501,25.187539357],[55.257762772,25.187632471],[55.257596816,25.187756782],[55.257511354,25.187664299],[55.257531999,25.187648783],[55.257523572,25.187639481],[55.257633746,25.187556847],[55.257642471,25.187566421]]]},"properties":{"transport_accessibility_score":55.1,"transport_accessibility_score_level":"medium","transport_accessibility_score_fill_color":"#78c679","traffic_accident_rate":40.38,"traffic_accident_rate_level":"medium","traffic_accident_rate_fill_color":"#fd8d3c","building_id":"DEMO_055"}},{"type":"Feature","geometry":{"type":"Polygon","coordinates":[[[55.263764283,25.179700477],[55.263828016,25.17977101],[55.263899422,25.179750026],[55.263944588,25.179712787],[55.264429349,25.180239432],[55.26434213,25.18054949],[55.263824646,25.180634768],[55.263818093,25.180606014],[55.263783049,25.180611212],[55.263773283,25.180562971],[55.263392453,25.180629719],[55.263272993,25.180013289],[55.263764283,25.179700477]]]},"properties":{"transport_accessibility_score":28.8,"transport_accessibility_score_level":"low","transport_accessibility_score_fill_color":"#c2e699","traffic_accident_rate":35.62,"traffic_accident_rate_level":"low","traffic_accident_rate_fill_color":"#fed976","building_id":"DEMO_056"}},{"type":"Feature","geometry":{"type":"Polygon","coordinates":[[[55.263764283,25.179700477],[55.263828016,25.17977101],[55.263899422,25.179750026],[55.263944588,25.179712787],[55.264429349,25.180239432],[55.26434213,25.18054949],[55.263824646,25.180634768],[55.263818093,25.180606014],[55.263783049,25.180611212],[55.263773283,25.180562971],[55.263392453,25.180629719],[55.263272993,25.180013289],[55.263764283,25.179700477]]]},"properties":{"transport_accessibility_score":28.8,"transport_accessibility_score_level":"low","transport_accessibility_score_fill_color":"#c2e699","traffic_accident_rate":34.03,"traffic_accident_rate_level":"low","traffic_accident_rate_fill_color":"#fed976","building_id":"DEMO_057"}},{"type":"Feature","geometry":{"type":"Polygon","coordinates":[[[55.260753725,25.191590419],[55.260754384,25.1915963],[55.260754022,25.191602207],[55.260752651,25.191607963],[55.260750311,25.191613399],[55.260747071,25.191618351],[55.260743029,25.191622673],[55.260738305,25.191626236],[55.260733038,25.191628935],[55.260727386,25.191630688],[55.260721517,25.191631444],[55.260715605,25.19163118],[55.260709826,25.191629904],[55.260704353,25.191627654],[55.26070423,25.191628426],[55.260618392,25.191581394],[55.260535822,25.191528833],[55.260456878,25.191470971],[55.260381898,25.191408056],[55.260311206,25.191340359],[55.260245105,25.191268172],[55.260183881,25.191191805],[55.260127797,25.191111588],[55.260077095,25.191027865],[55.260030393,25.190987237],[55.2599931,25.191017791],[55.2598441,25.190851002],[55.260027407,25.190714474],[55.260216261,25.190914815],[55.260290074,25.190963024],[55.260360272,25.191016359],[55.2604265,25.191074551],[55.260488424,25.191137303],[55.260545729,25.1912043],[55.260598126,25.191275201],[55.260645349,25.191349648],[55.260687159,25.191427265],[55.260723346,25.191507657],[55.260753725,25.191590419],[55.259706241,25.192098344],[55.25970472,25.192107241],[55.259701708,25.192115749],[55.259697293,25.192123621],[55.259691603,25.192130627],[55.259684804,25.192136563],[55.259677095,25.192141257],[55.259668699,25.192144571],[55.259659863,25.192146408],[55.259650842,25.192146716],[55.259641901,25.192145485],[55.259640587,25.192144887],[55.259325788,25.19180736],[55.25939538,25.191759625],[55.259706241,25.192098344]]]},"properties":{"transport_accessibility_score":65.4,"transport_accessibility_score_level":"high","transport_accessibility_score_fill_color":"#31a354","traffic_accident_rate":46.6,"traffic_accident_rate_level":"medium","traffic_accident_rate_fill_color":"#fd8d3c","building_id":"DEMO_058"}},{"type":"Feature","geometry":{"type":"Polygon","coordinates":[[[55.260753725,25.191590419],[55.260754384,25.1915963],[55.260754022,25.191602207],[55.260752651,25.191607963],[55.260750311,25.191613399],[55.260747071,25.191618351],[55.260743029,25.191622673],[55.260738305,25.191626236],[55.260733038,25.191628935],[55.260727386,25.191630688],[55.260721517,25.191631444],[55.260715605,25.19163118],[55.260709826,25.191629904],[55.260704353,25.191627654],[55.26070423,25.191628426],[55.260618392,25.191581394],[55.260535822,25.191528833],[55.260456878,25.191470971],[55.260381898,25.191408056],[55.260311206,25.191340359],[55.260245105,25.191268172],[55.260183881,25.191191805],[55.260127797,25.191111588],[55.260077095,25.191027865],[55.260030393,25.190987237],[55.2599931,25.191017791],[55.2598441,25.190851002],[55.260027407,25.190714474],[55.260216261,25.190914815],[55.260290074,25.190963024],[55.260360272,25.191016359],[55.2604265,25.191074551],[55.260488424,25.191137303],[55.260545729,25.1912043],[55.260598126,25.191275201],[55.260645349,25.191349648],[55.260687159,25.191427265],[55.260723346,25.191507657],[55.260753725,25.191590419],[55.259706241,25.192098344],[55.25970472,25.192107241],[55.259701708,25.192115749],[55.259697293,25.192123621],[55.259691603,25.192130627],[55.259684804,25.192136563],[55.259677095,25.192141257],[55.259668699,25.192144571],[55.259659863,25.192146408],[55.259650842,25.192146716],[55.259641901,25.192145485],[55.259640587,25.192144887],[55.259325788,25.19180736],[55.25939538,25.191759625],[55.259706241,25.192098344]]]},"properties":{"transport_accessibility_score":65.4,"transport_accessibility_score_level":"high","transport_accessibility_score_fill_color":"#31a354","traffic_accident_rate":44.19,"traffic_accident_rate_level":"medium","traffic_accident_rate_fill_color":"#fd8d3c","building_id":"DEMO_059"}},{"type":"Feature","geometry":{"type":"Polygon","coordinates":[[[55.264580373,25.192423224],[55.265234254,25.193132932],[55.26494241,25.193355536],[55.264883829,25.193291957],[55.264836246,25.193328252],[55.264240945,25.19268213],[55.264580373,25.192423224]]]},"properties":{"transport_accessibility_score":54,"transport_accessibility_score_level":"medium","transport_accessibility_score_fill_color":"#78c679","traffic_accident_rate":60.51,"traffic_accident_rate_level":"high","traffic_accident_rate_fill_color":"#f03b20","building_id":"DEMO_060"}},{"type":"Feature","geometry":{"type":"Polygon","coordinates":[[[55.263039323,25.180079994],[55.263039718,25.180081827],[55.263050809,25.180133558],[55.262942736,25.180151715],[55.262936763,25.180152714],[55.26293622,25.180148714],[55.262935519,25.180143451],[55.263039323,25.180079994]]]},"properties":{"transport_accessibility_score":28.7,"transport_accessibility_score_level":"low","transport_accessibility_score_fill_color":"#c2e699","traffic_accident_rate":38.22,"traffic_accident_rate_level":"low","traffic_accident_rate_fill_color":"#fed976","building_id":"DEMO_061"}},{"type":"Feature","geometry":{"type":"Polygon","coordinates":[[[55.27165482,25.186688183],[55.271651598,25.186684047],[55.271828161,25.186565476],[55.27193487,25.186684734],[55.272114064,25.186878596],[55.272027662,25.186939476],[55.272019789,25.186930148],[55.271718755,25.187134102],[55.271729899,25.187147647],[55.271709455,25.187161116],[55.271737614,25.187194023],[55.27169208,25.187226295],[55.271690335,25.187224254],[55.271610512,25.187281074],[55.271589393,25.187255618],[55.271543742,25.187285786],[55.27130398,25.186995649],[55.271348322,25.18696418],[55.271312499,25.186922676],[55.27165482,25.186688183]]]},"properties":{"transport_accessibility_score":36.4,"transport_accessibility_score_level":"low","transport_accessibility_score_fill_color":"#c2e699","traffic_accident_rate":66.6,"traffic_accident_rate_level":"high","traffic_accident_rate_fill_color":"#f03b20","building_id":"DEMO_062"}},{"type":"Feature","geometry":{"type":"Polygon","coordinates":[[[55.267601833,25.180404842],[55.267602307,25.180390688],[55.267638254,25.180398666],[55.267632831,25.180410624],[55.267641737,25.180415557],[55.267649659,25.180405252],[55.267662521,25.180413896],[55.267674152,25.180423886],[55.267684364,25.180435075],[55.267693038,25.180447302],[55.267700015,25.180460385],[55.267703423,25.180469387],[55.267712123,25.180468967],[55.267720715,25.180467698],[55.267720904,25.180467653],[55.267729119,25.180465589],[55.267737215,25.180462677],[55.267744926,25.180458979],[55.267755531,25.180477508],[55.267783564,25.180480652],[55.267795716,25.180482012],[55.267794791,25.180485713],[55.267793191,25.180492067],[55.26781906,25.180497666],[55.26782023,25.18049792],[55.267810121,25.180536579],[55.267809099,25.180536353],[55.267783428,25.18053079],[55.267759191,25.180626973],[55.267752122,25.180655018],[55.267745501,25.180681284],[55.26772868,25.180748079],[55.267722188,25.180773822],[55.267704621,25.180843549],[55.267594008,25.180843753],[55.267564663,25.180843812],[55.267488236,25.18084395],[55.267474665,25.18084398],[55.26745655,25.180844838],[55.267379644,25.180848514],[55.267351241,25.180849865],[55.267275963,25.18085346],[55.267247937,25.180854802],[55.26724502,25.180854936],[55.267211608,25.180451836],[55.267211995,25.180451809],[55.267223731,25.180451209],[55.26726516,25.180449079],[55.267265313,25.180441361],[55.267302713,25.18043959],[55.267329132,25.180438347],[55.267363279,25.180437902],[55.267386075,25.18043905],[55.267401888,25.180439842],[55.267440466,25.180443326],[55.267462597,25.180447163],[55.2674832,25.180450738],[55.267487881,25.180451869],[55.267492627,25.180445678],[55.26750551,25.18043254],[55.267510919,25.1804282],[55.26752003,25.180420883],[55.267534489,25.180411826],[55.267535968,25.180410897],[55.267553105,25.180402699],[55.267571193,25.180396424],[55.267589975,25.180392154],[55.267591208,25.180405009],[55.267601833,25.180404842]]]},"properties":{"transport_accessibility_score":29.1,"transport_accessibility_score_level":"low","transport_accessibility_score_fill_color":"#c2e699","traffic_accident_rate":38.16,"traffic_accident_rate_level":"low","traffic_accident_rate_fill_color":"#fed976","building_id":"DEMO_063"}},{"type":"Feature","geometry":{"type":"Polygon","coordinates":[[[55.257307523,25.187015876],[55.257310625,25.187019633],[55.25727789,25.187062315],[55.257239164,25.187100616],[55.257195124,25.18713384],[55.257146594,25.187161394],[55.257118461,25.187172916],[55.257094436,25.187182761],[55.257091829,25.187178725],[55.257081487,25.187186546],[55.257078767,25.187188594],[55.257070726,25.187179779],[55.257073128,25.187177966],[55.257040402,25.187142075],[55.257020082,25.187144465],[55.25701787,25.187144726],[55.256995241,25.187142765],[55.256988933,25.187140875],[55.256973657,25.187136281],[55.256954189,25.187125601],[55.256938473,25.187111844],[55.256937808,25.187111257],[55.256937362,25.187110643],[55.256925339,25.187093972],[55.256917394,25.187074596],[55.256915408,25.18706109],[55.256914381,25.187054093],[55.256916428,25.187033494],[55.2569176,25.187030236],[55.256923454,25.187013827],[55.256892532,25.186979923],[55.256888442,25.186983008],[55.256878796,25.186972423],[55.256890637,25.186963484],[55.256888009,25.18696146],[55.256889469,25.186959556],[55.256921103,25.186918137],[55.256925372,25.18691387],[55.25695144,25.186887785],[55.256960117,25.186879106],[55.257004375,25.186845024],[55.257011124,25.186841064],[55.257047279,25.186819896],[55.257053135,25.186816468],[55.257105561,25.186793927],[55.257109279,25.186798407],[55.2571224,25.186788493],[55.257122579,25.186788366],[55.257119525,25.186784971],[55.257150032,25.186753165],[55.257180718,25.186721179],[55.257228721,25.186680383],[55.257248722,25.186663377],[55.257273128,25.186646526],[55.257317652,25.186615757],[55.257322843,25.186612176],[55.257336241,25.186604745],[55.257402297,25.186568092],[55.257402624,25.18656848],[55.257406976,25.186573628],[55.257423105,25.186561449],[55.257429649,25.18656862],[55.257425113,25.186572039],[55.257465503,25.186616348],[55.257471687,25.186611675],[55.257488997,25.186598594],[55.257491555,25.186601394],[55.25750136,25.186612132],[55.257512831,25.186624695],[55.257536146,25.186607077],[55.25753824,25.186605498],[55.257590577,25.186662821],[55.257589555,25.186663597],[55.257565178,25.186682027],[55.257568608,25.186685793],[55.257577253,25.186695258],[55.257590251,25.186709492],[55.257573486,25.186722157],[55.257568851,25.186725658],[55.25756893,25.186725739],[55.257608161,25.186768756],[55.257611962,25.186765887],[55.257621173,25.186775984],[55.257602413,25.186790138],[55.257604654,25.186792974],[55.257556892,25.186844531],[55.257504451,25.186892177],[55.257456371,25.186928957],[55.257447726,25.186935569],[55.257387124,25.186974373],[55.257323093,25.187008328],[55.257320982,25.187005718],[55.257309984,25.187014018],[55.257307523,25.187015876]]]},"properties":{"transport_accessibility_score":52.4,"transport_accessibility_score_level":"medium","transport_accessibility_score_fill_color":"#78c679","traffic_accident_rate":38.35,"traffic_accident_rate_level":"low","traffic_accident_rate_fill_color":"#fed976","building_id":"DEMO_064"}},{"type":"Feature","geometry":{"type":"Polygon","coordinates":[[[55.269894245,25.190880369],[55.269877605,25.190865223],[55.269958938,25.190791217],[55.270341492,25.191138017],[55.270341243,25.191138252],[55.270185416,25.191280039],[55.270103537,25.191354551],[55.26995029,25.191494002],[55.26994673,25.191490769],[55.269569006,25.191147111],[55.269624998,25.191096158],[55.269656811,25.191067212],[55.269710312,25.191018524],[55.269696042,25.191005356],[55.269655146,25.190967632],[55.269691803,25.190934734],[55.269724409,25.190905482],[55.269761195,25.190872467],[55.269840596,25.190945712],[55.269869778,25.190919528],[55.269860318,25.190910803],[55.269894245,25.190880369]]]},"properties":{"transport_accessibility_score":48.4,"transport_accessibility_score_level":"medium","transport_accessibility_score_fill_color":"#78c679","traffic_accident_rate":68.19,"traffic_accident_rate_level":"high","traffic_accident_rate_fill_color":"#f03b20","building_id":"DEMO_065"}},{"type":"Feature","geometry":{"type":"Polygon","coordinates":[[[55.262916766,25.192955708],[55.262914595,25.192952755],[55.26291292,25.192949676],[55.262911731,25.192946552],[55.262910999,25.192943482],[55.262910673,25.192940503],[55.262910705,25.192937669],[55.262911073,25.192934753],[55.262911849,25.192931738],[55.262913061,25.192928679],[55.262914749,25.192925646],[55.262916934,25.19292274],[55.262919584,25.192920052],[55.262922671,25.19291767],[55.262926115,25.192915676],[55.262929837,25.192914135],[55.262933717,25.19291308],[55.262937646,25.192912531],[55.262941505,25.192912452],[55.262945216,25.192912815],[55.262948698,25.192913557],[55.262951892,25.192914614],[55.262954778,25.192915916],[55.262957416,25.192917452],[55.262959975,25.192919322],[55.262962404,25.192921561],[55.262964635,25.192924162],[55.262966558,25.192927124],[55.262968094,25.192930393],[55.262969164,25.192933896],[55.262969707,25.192937561],[55.262969695,25.192941289],[55.262969118,25.192944954],[55.262968005,25.192948483],[55.262966425,25.192951759],[55.263017122,25.193006299],[55.263034404,25.193024894],[55.263047661,25.193039146],[55.263051403,25.193036259],[55.263147602,25.193139386],[55.263041386,25.193221421],[55.263033374,25.193212832],[55.262936895,25.193287342],[55.262938994,25.193293725],[55.262939169,25.193301047],[55.262937041,25.193308303],[55.262932831,25.193314765],[55.262926845,25.193319935],[55.262919541,25.193323434],[55.262911464,25.193324983],[55.26290323,25.193324482],[55.262895453,25.193321951],[55.262888728,25.193317606],[55.262883563,25.193311744],[55.262880342,25.193304828],[55.262879305,25.19329738],[55.262880549,25.193289951],[55.262883072,25.19328487],[55.262752636,25.193145039],[55.262742899,25.193152419],[55.26270068,25.193106306],[55.262828623,25.193009351],[55.262836555,25.193018012],[55.262916766,25.192955708]]]},"properties":{"transport_accessibility_score":56.7,"transport_accessibility_score_level":"medium","transport_accessibility_score_fill_color":"#78c679","traffic_accident_rate":56.57,"traffic_accident_rate_level":"medium","traffic_accident_rate_fill_color":"#fd8d3c","building_id":"DEMO_066"}},{"type":"Feature","geometry":{"type":"Polygon","coordinates":[[[55.263747466,25.192959585],[55.263883206,25.193107145],[55.263945276,25.193174617],[55.263883141,25.193221945],[55.263629737,25.193414954],[55.26362817,25.193413247],[55.263577384,25.193358049],[55.263481998,25.193254353],[55.263431926,25.193199922],[55.263747466,25.192959585]]]},"properties":{"transport_accessibility_score":55.5,"transport_accessibility_score_level":"medium","transport_accessibility_score_fill_color":"#78c679","traffic_accident_rate":56.38,"traffic_accident_rate_level":"medium","traffic_accident_rate_fill_color":"#fd8d3c","building_id":"DEMO_067"}},{"type":"Feature","geometry":{"type":"Polygon","coordinates":[[[55.271403476,25.188782497],[55.271058898,25.188110239],[55.2711579,25.188072878],[55.271254869,25.188030519],[55.271349553,25.187983274],[55.271441706,25.187931264],[55.271726751,25.187978675],[55.271804359,25.188076184],[55.271876821,25.188177576],[55.271943944,25.188282578],[55.271962887,25.188315095],[55.271976081,25.188350339],[55.271983147,25.188387302],[55.271983884,25.188424927],[55.271978271,25.188462138],[55.271966468,25.188497872],[55.271948812,25.188531106],[55.271925809,25.188560889],[55.271898117,25.188586371],[55.271575147,25.188786868],[55.271526366,25.18869943],[55.271403476,25.188782497]]]},"properties":{"transport_accessibility_score":38.9,"transport_accessibility_score_level":"low","transport_accessibility_score_fill_color":"#c2e699","traffic_accident_rate":68.06,"traffic_accident_rate_level":"high","traffic_accident_rate_fill_color":"#f03b20","building_id":"DEMO_068"}},{"type":"Feature","geometry":{"type":"Polygon","coordinates":[[[55.269480738,25.191917718],[55.269033592,25.191615145],[55.269375588,25.191196835],[55.269815109,25.191521616],[55.269480738,25.191917718]]]},"properties":{"transport_accessibility_score":49.7,"transport_accessibility_score_level":"medium","transport_accessibility_score_fill_color":"#78c679","traffic_accident_rate":69.78,"traffic_accident_rate_level":"high","traffic_accident_rate_fill_color":"#f03b20","building_id":"DEMO_069"}},{"type":"Feature","geometry":{"type":"Polygon","coordinates":[[[55.265912912,25.179304851],[55.266051903,25.179972478],[55.265909989,25.179999377],[55.265927789,25.180087281],[55.265634311,25.180139216],[55.26561666,25.180046136],[55.265466741,25.180071651],[55.265328132,25.179405834],[55.265779302,25.179327918],[55.265912912,25.179304851]]]},"properties":{"transport_accessibility_score":28.9,"transport_accessibility_score_level":"low","transport_accessibility_score_fill_color":"#c2e699","traffic_accident_rate":36.32,"traffic_accident_rate_level":"low","traffic_accident_rate_fill_color":"#fed976","building_id":"DEMO_070"}},{"type":"Feature","geometry":{"type":"Polygon","coordinates":[[[55.268754433,25.180975935],[55.268735477,25.18097163],[55.268727314,25.180969776],[55.26870559,25.180964901],[55.268633239,25.180948656],[55.268630967,25.180948213],[55.2685987,25.180941961],[55.268538826,25.180930353],[55.268528182,25.180928498],[55.268494555,25.180922642],[55.268450562,25.180914986],[55.268425872,25.180911373],[55.268390865,25.180906248],[55.268361116,25.180901902],[55.268317648,25.180838548],[55.268316201,25.180836444],[55.268324134,25.180804753],[55.268327703,25.180790473],[55.268339454,25.180743537],[55.268340806,25.180738139],[55.268347616,25.180710925],[55.268354575,25.180683106],[55.268355838,25.180678042],[55.268364755,25.180642442],[55.268373265,25.180608441],[55.268381855,25.180574096],[55.268390673,25.180538848],[55.268391727,25.180534633],[55.268394311,25.180524325],[55.268501077,25.180463772],[55.268534803,25.180469997],[55.268539205,25.180475461],[55.26863632,25.180487961],[55.268731117,25.180510841],[55.268732081,25.180506707],[55.268773683,25.180514705],[55.268773465,25.180515626],[55.268842185,25.180530704],[55.268831131,25.180573895],[55.268888286,25.180586116],[55.268899032,25.18054445],[55.268937966,25.180552763],[55.26892721,25.180594438],[55.268927755,25.180594546],[55.268810427,25.180988652],[55.268808156,25.180988137],[55.268800959,25.181014376],[55.268800552,25.181015883],[55.268746819,25.181003682],[55.268754433,25.180975935]]]},"properties":{"transport_accessibility_score":29.2,"transport_accessibility_score_level":"low","transport_accessibility_score_fill_color":"#c2e699","traffic_accident_rate":39.56,"traffic_accident_rate_level":"low","traffic_accident_rate_fill_color":"#fed976","building_id":"DEMO_071"}},{"type":"Feature","geometry":{"type":"Polygon","coordinates":[[[55.265285844,25.193100657],[55.265692491,25.193592115],[55.265616629,25.193650134],[55.265516535,25.193660379],[55.264919209,25.193381009],[55.264925383,25.193376291],[55.265285844,25.193100657]]]},"properties":{"transport_accessibility_score":52.6,"transport_accessibility_score_level":"medium","transport_accessibility_score_fill_color":"#78c679","traffic_accident_rate":64.38,"traffic_accident_rate_level":"high","traffic_accident_rate_fill_color":"#f03b20","building_id":"DEMO_072"}},{"type":"Feature","geometry":{"type":"Polygon","coordinates":[[[55.257245103,25.186468495],[55.257244553,25.186474687],[55.257242565,25.186480626],[55.257239219,25.186486041],[55.256842697,25.186792086],[55.256836812,25.186795197],[55.256830333,25.186797098],[55.256823556,25.1867977],[55.2568168,25.186796974],[55.256810363,25.186794958],[55.256804551,25.186791732],[55.256800724,25.186788417],[55.256799623,25.186787459],[55.256795807,25.18678233],[55.256753662,25.186815366],[55.256750152,25.186811735],[55.256710544,25.186770713],[55.256687457,25.186788259],[55.256677762,25.186792027],[55.256667383,25.186793701],[55.256657076,25.186793217],[55.256656848,25.186793208],[55.25664671,25.186790558],[55.256637496,25.186785895],[55.256629673,25.186779464],[55.256463501,25.186599861],[55.256459101,25.186591644],[55.256456716,25.18658276],[55.256456512,25.186575457],[55.256456464,25.186573625],[55.256458344,25.186564643],[55.256462278,25.186556232],[55.256468087,25.18654877],[55.256475501,25.186542608],[55.256490509,25.186531774],[55.256449683,25.186486102],[55.256490666,25.186454095],[55.256485491,25.186448793],[55.256481785,25.186442553],[55.256479745,25.186435709],[55.256479482,25.186428623],[55.256481004,25.186421664],[55.256484242,25.186415211],[55.256485483,25.186413758],[55.256489018,25.186409607],[55.256489375,25.186408732],[55.256888167,25.186105307],[55.256890747,25.186104442],[55.256894617,25.186103144],[55.256901433,25.186102299],[55.256908288,25.186102817],[55.256914854,25.186104671],[55.256920835,25.186107779],[55.256925921,25.186111989],[55.256929887,25.186117109],[55.256972576,25.186086159],[55.256984304,25.186098785],[55.257024149,25.186141649],[55.257201852,25.186332793],[55.257277716,25.186414393],[55.25723329,25.186446895],[55.257238119,25.186451276],[55.257241806,25.186456514],[55.257244164,25.186462338],[55.25724452,25.186464649],[55.257245103,25.186468495]]]},"properties":{"transport_accessibility_score":50.7,"transport_accessibility_score_level":"medium","transport_accessibility_score_fill_color":"#78c679","traffic_accident_rate":38.1,"traffic_accident_rate_level":"low","traffic_accident_rate_fill_color":"#fed976","building_id":"DEMO_073"}},{"type":"Feature","geometry":{"type":"Polygon","coordinates":[[[55.269178784,25.181063712],[55.268896587,25.180975748],[55.269022752,25.180570061],[55.269345394,25.180667245],[55.269178784,25.181063712]]]},"properties":{"transport_accessibility_score":29.2,"transport_accessibility_score_level":"low","transport_accessibility_score_fill_color":"#c2e699","traffic_accident_rate":41.08,"traffic_accident_rate_level":"medium","traffic_accident_rate_fill_color":"#fd8d3c","building_id":"DEMO_074"}},{"type":"Feature","geometry":{"type":"Polygon","coordinates":[[[55.26403713,25.193383975],[55.264171723,25.193281452],[55.264199981,25.193312167],[55.264220645,25.193334627],[55.264343556,25.193468216],[55.264364607,25.193491091],[55.264366689,25.193493349],[55.264358957,25.193499231],[55.264232086,25.193595872],[55.264067626,25.193721138],[55.264045789,25.193721579],[55.26401871,25.193692156],[55.263973862,25.193643397],[55.263946169,25.193613305],[55.263904722,25.193568249],[55.263869087,25.193529523],[55.263871685,25.193514512],[55.26387259,25.193509304],[55.26403713,25.193383975]]]},"properties":{"transport_accessibility_score":54.4,"transport_accessibility_score_level":"medium","transport_accessibility_score_fill_color":"#78c679","traffic_accident_rate":57.78,"traffic_accident_rate_level":"medium","traffic_accident_rate_fill_color":"#fd8d3c","building_id":"DEMO_075"}},{"type":"Feature","geometry":{"type":"Polygon","coordinates":[[[55.27078558,25.190777781],[55.270445874,25.190326218],[55.270691915,25.190172504],[55.270936904,25.190017119],[55.271046504,25.190167669],[55.271159322,25.190315825],[55.271275303,25.190461516],[55.271149607,25.190535421],[55.271026024,25.190612808],[55.27090465,25.190693616],[55.27078558,25.190777781]]]},"properties":{"transport_accessibility_score":47.7,"transport_accessibility_score_level":"medium","transport_accessibility_score_fill_color":"#78c679","traffic_accident_rate":68.89,"traffic_accident_rate_level":"high","traffic_accident_rate_fill_color":"#f03b20","building_id":"DEMO_076"}},{"type":"Feature","geometry":{"type":"Polygon","coordinates":[[[55.272732195,25.186449496],[55.2726568,25.18650233],[55.272687724,25.186533995],[55.272225566,25.186856424],[55.272194609,25.186822733],[55.272115202,25.186877806],[55.271827353,25.186566018],[55.272446191,25.18613971],[55.272732195,25.186449496]]]},"properties":{"transport_accessibility_score":35.7,"transport_accessibility_score_level":"low","transport_accessibility_score_fill_color":"#c2e699","traffic_accident_rate":64.57,"traffic_accident_rate_level":"high","traffic_accident_rate_fill_color":"#f03b20","building_id":"DEMO_077"}},{"type":"Feature","geometry":{"type":"Polygon","coordinates":[[[55.25897782,25.191549223],[55.258998869,25.191572009],[55.25902202,25.191597063],[55.259034952,25.191589369],[55.259333667,25.19191217],[55.259323531,25.191922555],[55.259346027,25.191946949],[55.259368415,25.191971217],[55.259022029,25.192236552],[55.259018608,25.192232849],[55.258998193,25.192210795],[55.258923078,25.192129647],[55.258653772,25.191838681],[55.258633129,25.191816373],[55.258631483,25.191814603],[55.258923406,25.19159092],[55.25897782,25.191549223]]]},"properties":{"transport_accessibility_score":74.7,"transport_accessibility_score_level":"high","transport_accessibility_score_fill_color":"#31a354","traffic_accident_rate":43.43,"traffic_accident_rate_level":"medium","traffic_accident_rate_fill_color":"#fd8d3c","building_id":"DEMO_078"}},{"type":"Feature","geometry":{"type":"Polygon","coordinates":[[[55.269296403,25.18111826],[55.269445877,25.18075208],[55.269451253,25.180753869],[55.269465794,25.180758714],[55.269542267,25.180784186],[55.269523377,25.180824602],[55.269522573,25.180826326],[55.269522086,25.180828158],[55.269521936,25.180830027],[55.269522123,25.180831896],[55.269522648,25.180833719],[55.269523481,25.180835435],[55.269524611,25.180837006],[55.269526009,25.180838388],[55.269527635,25.180839544],[55.26952944,25.180840448],[55.26956257,25.180848406],[55.269577247,25.180783948],[55.269577485,25.180783308],[55.269580702,25.180778552],[55.269584702,25.18077432],[55.269589396,25.180770729],[55.269594665,25.180767869],[55.269600371,25.180765814],[55.269606353,25.180764607],[55.269612484,25.180764293],[55.269618585,25.180764865],[55.269624507,25.18076633],[55.269630091,25.180768625],[55.269635208,25.180771705],[55.26963971,25.180775499],[55.269659402,25.180794645],[55.269680305,25.180812709],[55.269695418,25.180824541],[55.269712655,25.180833684],[55.269731421,25.18083983],[55.269751112,25.180842764],[55.269814928,25.180847142],[55.269820968,25.180848743],[55.269826622,25.180851246],[55.269831749,25.18085457],[55.269836181,25.180858634],[55.26983981,25.180863312],[55.269842525,25.180868476],[55.269844248,25.180873984],[55.26984494,25.18087968],[55.26984457,25.180885394],[55.269843148,25.180890973],[55.269840735,25.180896262],[55.269837369,25.180901099],[55.269833171,25.180905367],[55.269798616,25.180946462],[55.269825165,25.180963201],[55.269826494,25.180963472],[55.269827843,25.180963608],[55.269829202,25.1809636],[55.269830561,25.180963456],[55.269831881,25.180963177],[55.269833161,25.180962753],[55.269834391,25.180962212],[55.269835533,25.180961544],[55.269836594,25.180960769],[55.269837547,25.180959884],[55.269861716,25.180915896],[55.269951326,25.180958335],[55.269753282,25.181304789],[55.269745617,25.181318191],[55.269290433,25.181132457],[55.269289272,25.181131987],[55.269296403,25.18111826]]]},"properties":{"transport_accessibility_score":29.2,"transport_accessibility_score_level":"low","transport_accessibility_score_fill_color":"#c2e699","traffic_accident_rate":43.94,"traffic_accident_rate_level":"medium","traffic_accident_rate_fill_color":"#fd8d3c","building_id":"DEMO_079"}},{"type":"Feature","geometry":{"type":"Polygon","coordinates":[[[55.259654068,25.192486923],[55.259455349,25.192640377],[55.259099303,25.192258708],[55.259219406,25.192168225],[55.259210195,25.192158498],[55.259210086,25.19215838],[55.259293355,25.192094591],[55.25937049,25.19203551],[55.259391214,25.192037641],[55.25943676,25.192042313],[55.259767036,25.192399857],[55.259794986,25.192430122],[55.259711518,25.192494372],[55.259682118,25.192517007],[55.259680977,25.192515787],[55.259654068,25.192486923]]]},"properties":{"transport_accessibility_score":73.8,"transport_accessibility_score_level":"high","transport_accessibility_score_fill_color":"#31a354","traffic_accident_rate":43.75,"traffic_accident_rate_level":"medium","traffic_accident_rate_fill_color":"#fd8d3c","building_id":"DEMO_080"}},{"type":"Feature","geometry":{"type":"Polygon","coordinates":[[[55.267139993,25.193358485],[55.267270398,25.193271286],[55.267271538,25.193272731],[55.267398257,25.193434466],[55.267435824,25.193482417],[55.267473767,25.193530838],[55.267477713,25.193535877],[55.267359983,25.193612267],[55.267371199,25.193623285],[55.267329067,25.193650872],[55.26731938,25.193638618],[55.267105527,25.19377737],[55.267026161,25.193675859],[55.266991013,25.193630897],[55.267043609,25.193590641],[55.26701331,25.193550925],[55.26700273,25.193557809],[55.267027,25.193590751],[55.266981643,25.19361969],[55.266900513,25.193514441],[55.26694587,25.193485502],[55.266944155,25.193483326],[55.267138615,25.193356724],[55.267139993,25.193358485]]]},"properties":{"transport_accessibility_score":48.9,"transport_accessibility_score_level":"medium","transport_accessibility_score_fill_color":"#78c679","traffic_accident_rate":66.6,"traffic_accident_rate_level":"high","traffic_accident_rate_fill_color":"#f03b20","building_id":"DEMO_081"}},{"type":"Feature","geometry":{"type":"Polygon","coordinates":[[[55.259711518,25.192494372],[55.259794986,25.192430122],[55.259806798,25.192420829],[55.259831853,25.19244768],[55.259818692,25.192457495],[55.259838015,25.192479522],[55.259851991,25.192469256],[55.260100501,25.192735556],[55.260086486,25.192745949],[55.260110579,25.192771779],[55.260132988,25.192795802],[55.260134397,25.19279472],[55.26015621,25.192818427],[55.260043749,25.192904094],[55.260042956,25.192903218],[55.260022838,25.192881362],[55.260019632,25.192883852],[55.259785578,25.193061301],[55.259784944,25.193060615],[55.259568094,25.192825357],[55.259546221,25.19280164],[55.259472563,25.192721721],[55.259485765,25.192711527],[55.259705428,25.192542015],[55.259682118,25.192517007],[55.259711518,25.192494372]]]},"properties":{"transport_accessibility_score":73.6,"transport_accessibility_score_level":"high","transport_accessibility_score_fill_color":"#31a354","traffic_accident_rate":43.05,"traffic_accident_rate_level":"medium","traffic_accident_rate_fill_color":"#fd8d3c","building_id":"DEMO_082"}},{"type":"Feature","geometry":{"type":"Polygon","coordinates":[[[55.271989132,25.182544601],[55.271730426,25.182863353],[55.271631218,25.182794859],[55.271535475,25.182721599],[55.271443425,25.18264375],[55.271355289,25.182561497],[55.271271276,25.182475036],[55.271624447,25.182216035],[55.271673971,25.182282059],[55.271728461,25.182344047],[55.271787591,25.182401627],[55.271851004,25.182454453],[55.271918319,25.182502206],[55.271989132,25.182544601]]]},"properties":{"transport_accessibility_score":29.5,"transport_accessibility_score_level":"low","transport_accessibility_score_fill_color":"#c2e699","traffic_accident_rate":53.21,"traffic_accident_rate_level":"medium","traffic_accident_rate_fill_color":"#fd8d3c","building_id":"DEMO_083"}},{"type":"Feature","geometry":{"type":"Polygon","coordinates":[[[55.272946374,25.186310113],[55.2727399,25.186451106],[55.272736912,25.186453145],[55.272446128,25.186139753],[55.272455228,25.186133519],[55.273026854,25.185741844],[55.27331499,25.186055604],[55.273129207,25.186187137],[55.27313911,25.186203616],[55.273145274,25.186237227],[55.272997473,25.186336331],[55.272972315,25.18633391],[55.272946374,25.186310113]]]},"properties":{"transport_accessibility_score":35,"transport_accessibility_score_level":"low","transport_accessibility_score_fill_color":"#c2e699","traffic_accident_rate":63.62,"traffic_accident_rate_level":"high","traffic_accident_rate_fill_color":"#f03b20","building_id":"DEMO_084"}},{"type":"Feature","geometry":{"type":"Polygon","coordinates":[[[55.270389672,25.191886576],[55.270327783,25.191511202],[55.270337233,25.191510251],[55.270330032,25.19145806],[55.270472391,25.191324979],[55.270619418,25.191197075],[55.270770925,25.19107451],[55.270926719,25.190957442],[55.2710866,25.190846021],[55.271460183,25.191320009],[55.271357248,25.191385526],[55.271202886,25.1914066],[55.271195434,25.191351065],[55.271034378,25.191372851],[55.271035948,25.191380734],[55.271052487,25.191379666],[55.271053271,25.191387548],[55.271087924,25.191380398],[55.271117362,25.191563844],[55.270755732,25.191886492],[55.270688788,25.191896854],[55.270679756,25.191849558],[55.27062699,25.191855985],[55.270638375,25.191921194],[55.27065649,25.191918694],[55.270666303,25.191979604],[55.270647794,25.191982821],[55.270651857,25.192002371],[55.270519411,25.192020026],[55.270535502,25.192122856],[55.270470071,25.192195522],[55.270259805,25.192036234],[55.270389672,25.191886576]]]},"properties":{"transport_accessibility_score":49,"transport_accessibility_score_level":"medium","transport_accessibility_score_fill_color":"#78c679","traffic_accident_rate":72.38,"traffic_accident_rate_level":"high","traffic_accident_rate_fill_color":"#f03b20","building_id":"DEMO_085"}},{"type":"Feature","geometry":{"type":"Polygon","coordinates":[[[55.270389672,25.191886576],[55.270327783,25.191511202],[55.270337233,25.191510251],[55.270330032,25.19145806],[55.270472391,25.191324979],[55.270619418,25.191197075],[55.270770925,25.19107451],[55.270926719,25.190957442],[55.2710866,25.190846021],[55.271460183,25.191320009],[55.271357248,25.191385526],[55.271202886,25.1914066],[55.271195434,25.191351065],[55.271034378,25.191372851],[55.271035948,25.191380734],[55.271052487,25.191379666],[55.271053271,25.191387548],[55.271087924,25.191380398],[55.271117362,25.191563844],[55.270755732,25.191886492],[55.270688788,25.191896854],[55.270679756,25.191849558],[55.27062699,25.191855985],[55.270638375,25.191921194],[55.27065649,25.191918694],[55.270666303,25.191979604],[55.270647794,25.191982821],[55.270651857,25.192002371],[55.270519411,25.192020026],[55.270535502,25.192122856],[55.270470071,25.192195522],[55.270259805,25.192036234],[55.270389672,25.191886576]]]},"properties":{"transport_accessibility_score":49,"transport_accessibility_score_level":"medium","transport_accessibility_score_fill_color":"#78c679","traffic_accident_rate":70.86,"traffic_accident_rate_level":"high","traffic_accident_rate_fill_color":"#f03b20","building_id":"DEMO_086"}},{"type":"Feature","geometry":{"type":"Polygon","coordinates":[[[55.260067723,25.19293014],[55.260043749,25.192904094],[55.26015621,25.192818427],[55.260180184,25.192844482],[55.260200699,25.192866456],[55.260224207,25.192891626],[55.260235722,25.192882695],[55.260486178,25.193150296],[55.260472083,25.193161121],[55.260496276,25.193186753],[55.260516999,25.193208717],[55.260169788,25.193473676],[55.26016725,25.193470957],[55.260146606,25.193448848],[55.259830791,25.193110613],[55.260067723,25.19293014]]]},"properties":{"transport_accessibility_score":73.1,"transport_accessibility_score_level":"high","transport_accessibility_score_fill_color":"#31a354","traffic_accident_rate":47.43,"traffic_accident_rate_level":"medium","traffic_accident_rate_fill_color":"#fd8d3c","building_id":"DEMO_087"}},{"type":"Feature","geometry":{"type":"Polygon","coordinates":[[[55.268541326,25.193630493],[55.268488211,25.193612852],[55.268468323,25.193665698],[55.268505554,25.193678363],[55.268455838,25.193803925],[55.268120762,25.193695811],[55.26813957,25.193648871],[55.268124462,25.193644281],[55.268150056,25.193575044],[55.268166841,25.193580313],[55.268204015,25.193483415],[55.268187602,25.193477976],[55.268202173,25.193438776],[55.268173451,25.193429428],[55.268204272,25.193350689],[55.268599642,25.193476391],[55.268541326,25.193630493]]]},"properties":{"transport_accessibility_score":52.3,"transport_accessibility_score_level":"medium","transport_accessibility_score_fill_color":"#78c679","traffic_accident_rate":68.44,"traffic_accident_rate_level":"high","traffic_accident_rate_fill_color":"#f03b20","building_id":"DEMO_088"}},{"type":"Feature","geometry":{"type":"Polygon","coordinates":[[[55.270470071,25.192195522],[55.270429238,25.192254092],[55.270369513,25.192326926],[55.270263243,25.192467119],[55.270162794,25.192610808],[55.270068296,25.192757803],[55.269995597,25.192881472],[55.269961525,25.192942139],[55.269928436,25.193003275],[55.269896338,25.193064863],[55.269865251,25.193126894],[55.269835187,25.193189332],[55.269733357,25.193142449],[55.269671611,25.193286714],[55.269422767,25.193200433],[55.269491121,25.193058175],[55.269266533,25.192972398],[55.269418628,25.192691404],[55.269614609,25.192777662],[55.269771129,25.192511191],[55.269561962,25.192399348],[55.269983959,25.191827266],[55.270470071,25.192195522]]]},"properties":{"transport_accessibility_score":48.4,"transport_accessibility_score_level":"medium","transport_accessibility_score_fill_color":"#78c679","traffic_accident_rate":72.44,"traffic_accident_rate_level":"high","traffic_accident_rate_fill_color":"#f03b20","building_id":"DEMO_089"}},{"type":"Feature","geometry":{"type":"Polygon","coordinates":[[[55.26942587,25.180128456],[55.268842603,25.179987647],[55.268776954,25.179836596],[55.26887159,25.17966336],[55.268962076,25.179487921],[55.26904836,25.179310377],[55.269260613,25.179369556],[55.269471493,25.179433456],[55.269680894,25.179502046],[55.26942587,25.180128456]]]},"properties":{"transport_accessibility_score":29.1,"transport_accessibility_score_level":"low","transport_accessibility_score_fill_color":"#c2e699","traffic_accident_rate":38.67,"traffic_accident_rate_level":"low","traffic_accident_rate_fill_color":"#fed976","building_id":"DEMO_090"}},{"type":"Feature","geometry":{"type":"Polygon","coordinates":[[[55.255633919,25.189282344],[55.25569816,25.189201493],[55.255717498,25.189214142],[55.255753794,25.189238624],[55.255789593,25.189263919],[55.255824698,25.189289846],[55.255859206,25.189316494],[55.255893119,25.189343865],[55.255926238,25.189371867],[55.255958761,25.18940059],[55.25599059,25.189429855],[55.256021624,25.189459752],[55.256047482,25.189439066],[55.256060634,25.189428538],[55.256039913,25.189405688],[55.256211929,25.189274341],[55.256233642,25.189297372],[55.256241464,25.189291364],[55.25627146,25.189268324],[55.256256719,25.189249919],[55.256248471,25.189239605],[55.256248173,25.189239226],[55.256220308,25.18920312],[55.256192949,25.189166094],[55.256166483,25.189128618],[55.256140811,25.189090599],[55.256124616,25.189065513],[55.25612186,25.189061251],[55.256116033,25.189052221],[55.256092147,25.189013301],[55.256069056,25.18897402],[55.256046858,25.188934289],[55.256145303,25.188889475],[55.256138465,25.188877194],[55.256146702,25.188873858],[55.256118957,25.188820312],[55.256217102,25.188780192],[55.256186684,25.188715902],[55.256309834,25.188670108],[55.256324199,25.188701801],[55.256341935,25.188738551],[55.256360465,25.188774941],[55.256379987,25.188810879],[55.256400402,25.188846457],[55.256421611,25.188881584],[55.256443713,25.188916351],[55.256466709,25.188950576],[55.256490498,25.18898435],[55.256515181,25.189017583],[55.256540657,25.189050366],[55.256549708,25.189061474],[55.256553178,25.189065736],[55.256566928,25.189082606],[55.256590117,25.189109691],[55.256593993,25.189114216],[55.256597166,25.189117783],[55.256599287,25.189120158],[55.256636747,25.189091616],[55.256646473,25.189102183],[55.25669197,25.189151603],[55.256695966,25.189155938],[55.256658744,25.189184301],[55.256667162,25.189192782],[55.256674638,25.189200305],[55.256689768,25.189215551],[55.256720207,25.189244725],[55.256751441,25.189273357],[55.256781684,25.189299796],[55.256783369,25.189301268],[55.256793523,25.189309759],[55.256815894,25.189328457],[55.256849212,25.189355105],[55.256883027,25.18938094],[55.256917636,25.189406144],[55.256952742,25.189430626],[55.256988443,25.189454386],[55.25702474,25.189477424],[55.257061633,25.18949974],[55.257091961,25.189517188],[55.257099022,25.189521245],[55.257097602,25.189523293],[55.257044735,25.189599555],[55.257029015,25.189622223],[55.256964352,25.189585088],[55.256915857,25.18965014],[55.256907576,25.189661249],[55.256904081,25.189665941],[55.256852908,25.189633236],[55.25684705,25.189640003],[55.256833364,25.18963133],[55.256820228,25.189647744],[55.256768727,25.18971209],[55.256734215,25.189689866],[55.256688201,25.189657434],[55.25665151,25.189630333],[55.256615414,25.189602601],[55.256579915,25.189574056],[55.256545209,25.189544971],[55.256511099,25.189515163],[55.256477683,25.189484724],[55.256444963,25.189453653],[55.256413816,25.189477442],[55.25640516,25.189484054],[55.256426873,25.189507536],[55.25625565,25.189639516],[55.256234136,25.189615492],[55.256194035,25.189646525],[55.256218224,25.189676418],[55.256221723,25.189680897],[55.256246476,25.189712632],[55.25625511,25.189724227],[55.256273836,25.189749387],[55.256300401,25.189786683],[55.256326073,25.18982434],[55.256350951,25.189862538],[55.256375036,25.189901187],[55.256398127,25.189940287],[55.256420425,25.189979748],[55.25640547,25.1899867],[55.256323765,25.190024653],[55.256329314,25.19003567],[55.256324858,25.190037852],[55.256320084,25.190040178],[55.256347631,25.190093905],[55.256343552,25.1900956],[55.256249981,25.190134477],[55.256280002,25.190197954],[55.256157446,25.19024429],[55.256144963,25.190217202],[55.256126632,25.190179729],[55.256107507,25.190142617],[55.25608749,25.190105866],[55.256066579,25.190069565],[55.256044775,25.190033716],[55.256022078,25.189998227],[55.255998587,25.189963279],[55.255974202,25.189928782],[55.255949024,25.189894827],[55.255923052,25.189861322],[55.255905227,25.189839792],[55.255890832,25.189822398],[55.255881969,25.189812192],[55.255866246,25.189794094],[55.255848885,25.1898073],[55.255829708,25.189821887],[55.255825544,25.189817353],[55.255780077,25.189767851],[55.255771194,25.189758188],[55.255791046,25.189743086],[55.255807384,25.189730655],[55.255806164,25.189729373],[55.255795992,25.189719185],[55.25577642,25.189699567],[55.255761874,25.189685676],[55.255745881,25.189670393],[55.255714747,25.189641761],[55.255682818,25.18961385],[55.255650294,25.18958657],[55.255617075,25.189559923],[55.255583161,25.189533997],[55.255548652,25.189508792],[55.255513546,25.18948431],[55.255477845,25.189460459],[55.255441549,25.189437421],[55.255404755,25.189415104],[55.255367366,25.1893936],[55.255438566,25.189290817],[55.255503229,25.18932714],[55.255556433,25.189254698],[55.255562807,25.189246017],[55.255615864,25.189280168],[55.255619706,25.189275096],[55.255621126,25.189273219],[55.255633919,25.189282344]]]},"properties":{"transport_accessibility_score":69.4,"transport_accessibility_score_level":"high","transport_accessibility_score_fill_color":"#31a354","traffic_accident_rate":38.1,"traffic_accident_rate_level":"low","traffic_accident_rate_fill_color":"#fed976","building_id":"DEMO_091"}},{"type":"Feature","geometry":{"type":"Polygon","coordinates":[[[55.266323266,25.178717674],[55.266215216,25.178786404],[55.266201338,25.178766313],[55.266192179,25.17877266],[55.26605661,25.178595911],[55.266037611,25.178571143],[55.26610515,25.178524721],[55.266098183,25.178516044],[55.266176919,25.178462209],[55.266182508,25.17846856],[55.266203161,25.178496278],[55.266198202,25.178499616],[55.266222744,25.178531528],[55.266351579,25.17844953],[55.266365772,25.178469395],[55.266374637,25.178481803],[55.266389016,25.178501929],[55.266398579,25.178515313],[55.266454609,25.178593733],[55.266460518,25.178602004],[55.26644489,25.178612004],[55.266459923,25.178630745],[55.266458853,25.178631426],[55.266399276,25.178669324],[55.266376046,25.1786841],[55.266323266,25.178717674]]]},"properties":{"transport_accessibility_score":28.8,"transport_accessibility_score_level":"low","transport_accessibility_score_fill_color":"#c2e699","traffic_accident_rate":32.19,"traffic_accident_rate_level":"low","traffic_accident_rate_fill_color":"#fed976","building_id":"DEMO_092"}},{"type":"Feature","geometry":{"type":"Polygon","coordinates":[[[55.261330037,25.194093234],[55.260982925,25.194357933],[55.260980794,25.194355621],[55.260959645,25.194332663],[55.260617056,25.193960762],[55.260597999,25.193940063],[55.260593161,25.193934815],[55.260940759,25.193669757],[55.260964377,25.193695406],[55.260985585,25.193718444],[55.260997973,25.1937089],[55.2613034,25.194040312],[55.261290873,25.194050435],[55.261315928,25.194077827],[55.261330037,25.194093234]]]},"properties":{"transport_accessibility_score":71.2,"transport_accessibility_score_level":"high","transport_accessibility_score_fill_color":"#31a354","traffic_accident_rate":48.19,"traffic_accident_rate_level":"medium","traffic_accident_rate_fill_color":"#fd8d3c","building_id":"DEMO_093"}},{"type":"Feature","geometry":{"type":"Polygon","coordinates":[[[55.271512872,25.191248163],[55.271417452,25.191124786],[55.271268581,25.190931983],[55.271195804,25.19084307],[55.271357519,25.190749137],[55.271399108,25.190808653],[55.27152331,25.190736225],[55.271543019,25.190764209],[55.271707203,25.190671017],[55.271762068,25.190749378],[55.271838546,25.190718826],[55.271906204,25.190688784],[55.271893903,25.190666753],[55.271989675,25.190622487],[55.271996436,25.190634586],[55.272134412,25.190571182],[55.27209853,25.190485913],[55.272243647,25.190428921],[55.272241645,25.190424226],[55.272279293,25.190410647],[55.272268124,25.19038551],[55.272384124,25.190342868],[55.27239232,25.190361314],[55.272420988,25.190350846],[55.272424505,25.19035963],[55.272485026,25.190337566],[55.272577449,25.190303869],[55.272668913,25.190524009],[55.272684174,25.190557894],[55.272703974,25.190604095],[55.272702347,25.190604744],[55.272703437,25.190607064],[55.272715677,25.190633113],[55.272716569,25.190635018],[55.272714475,25.190635839],[55.272735366,25.190681363],[55.272734662,25.190681624],[55.272740628,25.190695375],[55.272696897,25.190711462],[55.272695172,25.19070776],[55.272668559,25.190717742],[55.272664129,25.190708063],[55.272653164,25.190712166],[55.272657534,25.190721917],[55.272620302,25.19073677],[55.272613662,25.190722865],[55.272606704,25.190708202],[55.272565007,25.190724714],[55.272571647,25.190738727],[55.272575482,25.19074772],[55.272539064,25.190761679],[55.272534862,25.190753164],[55.27252958,25.190742014],[55.272527218,25.190742879],[55.27253917,25.190768016],[55.272465619,25.190797938],[55.272421907,25.190815505],[55.272353944,25.19084162],[55.272353438,25.19084041],[55.272323957,25.190851646],[55.272301878,25.190859599],[55.272298062,25.190851256],[55.272302607,25.190849615],[55.272289644,25.190822266],[55.272255101,25.190835712],[55.272251563,25.190828525],[55.27224749,25.190819812],[55.272236142,25.190795199],[55.272115494,25.190846442],[55.272109037,25.190862381],[55.272040376,25.190893388],[55.272034497,25.190884891],[55.271919252,25.190943566],[55.271941428,25.190980252],[55.271911119,25.19099759],[55.271935616,25.191035434],[55.271882502,25.191064687],[55.271884386,25.191067107],[55.271807994,25.191109755],[55.27179996,25.191099471],[55.271807066,25.191094978],[55.271801692,25.191087483],[55.27176916,25.191107176],[55.27177377,25.191113967],[55.271769017,25.191116637],[55.271775074,25.191126334],[55.271747315,25.191143637],[55.271705524,25.191169492],[55.271702311,25.191165419],[55.271674214,25.191184256],[55.271675027,25.191185412],[55.271634516,25.19121087],[55.271632404,25.191208107],[55.271603673,25.191226276],[55.271596981,25.191216794],[55.271595284,25.19121785],[55.271591457,25.19121273],[55.271556274,25.191234787],[55.271559051,25.1912382],[55.27152108,25.191261258],[55.27151344,25.191250512],[55.271512872,25.191248163]]]},"properties":{"transport_accessibility_score":48.8,"transport_accessibility_score_level":"medium","transport_accessibility_score_fill_color":"#78c679","traffic_accident_rate":69.59,"traffic_accident_rate_level":"high","traffic_accident_rate_fill_color":"#f03b20","building_id":"DEMO_094"}},{"type":"Feature","geometry":{"type":"Polygon","coordinates":[[[55.271512872,25.191248163],[55.271417452,25.191124786],[55.271268581,25.190931983],[55.271195804,25.19084307],[55.271357519,25.190749137],[55.271399108,25.190808653],[55.27152331,25.190736225],[55.271543019,25.190764209],[55.271707203,25.190671017],[55.271762068,25.190749378],[55.271838546,25.190718826],[55.271906204,25.190688784],[55.271893903,25.190666753],[55.271989675,25.190622487],[55.271996436,25.190634586],[55.272134412,25.190571182],[55.27209853,25.190485913],[55.272243647,25.190428921],[55.272241645,25.190424226],[55.272279293,25.190410647],[55.272268124,25.19038551],[55.272384124,25.190342868],[55.27239232,25.190361314],[55.272420988,25.190350846],[55.272424505,25.19035963],[55.272485026,25.190337566],[55.272577449,25.190303869],[55.272668913,25.190524009],[55.272684174,25.190557894],[55.272703974,25.190604095],[55.272702347,25.190604744],[55.272703437,25.190607064],[55.272715677,25.190633113],[55.272716569,25.190635018],[55.272714475,25.190635839],[55.272735366,25.190681363],[55.272734662,25.190681624],[55.272740628,25.190695375],[55.272696897,25.190711462],[55.272695172,25.19070776],[55.272668559,25.190717742],[55.272664129,25.190708063],[55.272653164,25.190712166],[55.272657534,25.190721917],[55.272620302,25.19073677],[55.272613662,25.190722865],[55.272606704,25.190708202],[55.272565007,25.190724714],[55.272571647,25.190738727],[55.272575482,25.19074772],[55.272539064,25.190761679],[55.272534862,25.190753164],[55.27252958,25.190742014],[55.272527218,25.190742879],[55.27253917,25.190768016],[55.272465619,25.190797938],[55.272421907,25.190815505],[55.272353944,25.19084162],[55.272353438,25.19084041],[55.272323957,25.190851646],[55.272301878,25.190859599],[55.272298062,25.190851256],[55.272302607,25.190849615],[55.272289644,25.190822266],[55.272255101,25.190835712],[55.272251563,25.190828525],[55.27224749,25.190819812],[55.272236142,25.190795199],[55.272115494,25.190846442],[55.272109037,25.190862381],[55.272040376,25.190893388],[55.272034497,25.190884891],[55.271919252,25.190943566],[55.271941428,25.190980252],[55.271911119,25.19099759],[55.271935616,25.191035434],[55.271882502,25.191064687],[55.271884386,25.191067107],[55.271807994,25.191109755],[55.27179996,25.191099471],[55.271807066,25.191094978],[55.271801692,25.191087483],[55.27176916,25.191107176],[55.27177377,25.191113967],[55.271769017,25.191116637],[55.271775074,25.191126334],[55.271747315,25.191143637],[55.271705524,25.191169492],[55.271702311,25.191165419],[55.271674214,25.191184256],[55.271675027,25.191185412],[55.271634516,25.19121087],[55.271632404,25.191208107],[55.271603673,25.191226276],[55.271596981,25.191216794],[55.271595284,25.19121785],[55.271591457,25.19121273],[55.271556274,25.191234787],[55.271559051,25.1912382],[55.27152108,25.191261258],[55.27151344,25.191250512],[55.271512872,25.191248163]]]},"properties":{"transport_accessibility_score":48.8,"transport_accessibility_score_level":"medium","transport_accessibility_score_fill_color":"#78c679","traffic_accident_rate":68.95,"traffic_accident_rate_level":"high","traffic_accident_rate_fill_color":"#f03b20","building_id":"DEMO_095"}},{"type":"Feature","geometry":{"type":"Polygon","coordinates":[[[55.26642923,25.194681992],[55.266431263,25.194684196],[55.266254317,25.194818748],[55.266126524,25.194679616],[55.266132182,25.194675322],[55.266096446,25.194636416],[55.266090798,25.194640711],[55.265963819,25.194502473],[55.266136963,25.194370817],[55.266195316,25.194326664],[55.266232894,25.194298228],[55.2662375,25.194294754],[55.26625883,25.194278614],[55.266267009,25.194272425],[55.266388009,25.19440416],[55.266394441,25.194399352],[55.266437425,25.194446999],[55.266431449,25.194451456],[55.266555266,25.194586252],[55.26642923,25.194681992]]]},"properties":{"transport_accessibility_score":49.5,"transport_accessibility_score_level":"medium","transport_accessibility_score_fill_color":"#78c679","traffic_accident_rate":59.05,"traffic_accident_rate_level":"medium","traffic_accident_rate_fill_color":"#fd8d3c","building_id":"DEMO_096"}},{"type":"Feature","geometry":{"type":"Polygon","coordinates":[[[55.273457515,25.185442657],[55.273683617,25.185287588],[55.273976753,25.185603497],[55.27388159,25.185669421],[55.273909807,25.185705632],[55.27376431,25.185804476],[55.273788809,25.18583433],[55.273791724,25.185837897],[55.273639855,25.18594108],[55.273637357,25.185938028],[55.27361244,25.185907669],[55.273464263,25.186008335],[55.273436768,25.185975907],[55.273395356,25.186001988],[55.273365243,25.185967564],[55.273361263,25.18597009],[55.273136279,25.185724945],[55.273139981,25.185721895],[55.273112922,25.185692636],[55.273108089,25.185695676],[55.273101416,25.185686881],[55.2733104,25.18554355],[55.273282033,25.185509298],[55.273429139,25.185408406],[55.273457515,25.185442657]]]},"properties":{"transport_accessibility_score":34,"transport_accessibility_score_level":"low","transport_accessibility_score_fill_color":"#c2e699","traffic_accident_rate":64.57,"traffic_accident_rate_level":"high","traffic_accident_rate_fill_color":"#f03b20","building_id":"DEMO_097"}},{"type":"Feature","geometry":{"type":"Polygon","coordinates":[[[55.273140007,25.188921758],[55.273156585,25.188840319],[55.273047656,25.188824152],[55.273058578,25.188766833],[55.273036529,25.188764436],[55.273050572,25.188678019],[55.273072795,25.188681332],[55.273082273,25.188624013],[55.273288052,25.188660401],[55.273291734,25.188645952],[55.273372444,25.188659719],[55.273356198,25.188737019],[55.273384436,25.188742285],[55.273368078,25.188824402],[55.273337585,25.188819732],[55.27331417,25.188928397],[55.273232541,25.18891463],[55.273228067,25.188936961],[55.273140007,25.188921758]]]},"properties":{"transport_accessibility_score":45.2,"transport_accessibility_score_level":"medium","transport_accessibility_score_fill_color":"#78c679","traffic_accident_rate":69.9,"traffic_accident_rate_level":"high","traffic_accident_rate_fill_color":"#f03b20","building_id":"DEMO_098"}},{"type":"Feature","geometry":{"type":"Polygon","coordinates":[[[55.260091812,25.193910501],[55.26010077,25.19387845],[55.260075285,25.193873328],[55.259943791,25.193846876],[55.259954533,25.193802684],[55.259936022,25.193798929],[55.259930231,25.193792417],[55.259933923,25.193774401],[55.259942529,25.193767815],[55.259962142,25.193771345],[55.259972694,25.19372793],[55.260168462,25.193767313],[55.260170311,25.193759713],[55.260205072,25.193766708],[55.26020357,25.1937729],[55.260235613,25.193779353],[55.260224543,25.193824935],[55.260229533,25.193825939],[55.260221706,25.193858172],[55.260215049,25.193856832],[55.260204715,25.193899363],[55.260171185,25.193892613],[55.260163208,25.193925233],[55.260196987,25.19393221],[55.260181366,25.193989164],[55.260142885,25.193980867],[55.260035727,25.193957776],[55.260024386,25.193941477],[55.260034512,25.193898674],[55.260066535,25.193905289],[55.260091812,25.193910501]]]},"properties":{"transport_accessibility_score":71.4,"transport_accessibility_score_level":"high","transport_accessibility_score_fill_color":"#31a354","traffic_accident_rate":44.25,"traffic_accident_rate_level":"medium","traffic_accident_rate_fill_color":"#fd8d3c","building_id":"DEMO_099"}},{"type":"Feature","geometry":{"type":"Polygon","coordinates":[[[55.271367088,25.180344043],[55.271397231,25.180274618],[55.271566962,25.180388541],[55.27168882,25.180475362],[55.271786765,25.180552901],[55.271558428,25.18072752],[55.271542797,25.180719317],[55.271407816,25.180648486],[55.271295912,25.180592669],[55.271272458,25.180635187],[55.271091631,25.180963017],[55.270735178,25.180731769],[55.270752488,25.180637044],[55.270698729,25.180714385],[55.270498658,25.180608618],[55.270475242,25.180596241],[55.270432834,25.180573817],[55.270392449,25.180552468],[55.270275965,25.180490889],[55.270313575,25.18044993],[55.270272185,25.180416151],[55.270238515,25.180473333],[55.270123942,25.180419852],[55.270037327,25.18038153],[55.269920033,25.180332462],[55.269826989,25.180295753],[55.269744735,25.180265378],[55.269614236,25.180218506],[55.269649707,25.180132735],[55.269633876,25.180127601],[55.269528847,25.180093541],[55.269738727,25.179549423],[55.269757393,25.179501045],[55.269866122,25.17953424],[55.269879979,25.179539148],[55.270103899,25.179618602],[55.270290493,25.1796922],[55.270451673,25.179762609],[55.270460827,25.179766819],[55.270470428,25.179750827],[55.270493051,25.17976259],[55.270483658,25.179777319],[55.270550526,25.179808076],[55.270632846,25.179844509],[55.270731628,25.179893577],[55.270710379,25.179951099],[55.270790721,25.179976337],[55.270812548,25.179933323],[55.270920246,25.179987378],[55.271052716,25.180059805],[55.271201844,25.180148146],[55.27128502,25.180199266],[55.271331601,25.180230032],[55.271226296,25.180463613],[55.271308329,25.180500578],[55.271359042,25.180363791],[55.271363508,25.180341659],[55.271367088,25.180344043]]]},"properties":{"transport_accessibility_score":29.2,"transport_accessibility_score_level":"low","transport_accessibility_score_fill_color":"#c2e699","traffic_accident_rate":43.62,"traffic_accident_rate_level":"medium","traffic_accident_rate_fill_color":"#fd8d3c","building_id":"DEMO_100"}}]}